PLAYER_NAME,PLAYER_ID,MIN,FGM,FGA,FG_PCT,FG3M,FG3A,FG3_PCT,FTM,FTA,FT_PCT,PTS,OREB,DREB,REB,AST,STL,BLK,TO,PF,PLUS_MINUS,SEASON_TYPE,GAMES_PLAYED
LeBron James,2544.0,37.7150979153506,9.662665824384082,19.29374605180038,0.500989260897031,1.5268477574226154,4.436512950094757,0.30061402400505366,5.732154137713203,7.794061907770057,0.7172476310802273,26.58433354390398,1.16424510423247,6.221730890713834,7.385975994946304,7.151610865445357,1.554643082754264,0.7605811749842072,3.439671509791535,1.8458622867972205,4.898758981058132,Regular,1583
LeBron James,2544.0,40.10967741935484,10.87741935483871,20.980645161290322,0.5247741935483872,1.6903225806451614,4.993548387096774,0.31012903225806454,5.941935483870968,8.148387096774194,0.7085096774193548,29.387096774193548,1.5290322580645161,7.858064516129033,9.387096774193548,7.425806451612903,1.7096774193548387,0.9161290322580645,3.825806451612903,2.296774193548387,6.167741935483871,Playoffs,155
Kevin Durant,201142.0,36.21381886087769,9.142857142857142,18.466853408029877,0.5021269841269842,1.8674136321195145,4.8618113912231555,0.3827927170868347,6.6125116713352,7.494864612511671,0.8614070961718021,26.765639589169,0.6862745098039216,6.275443510737628,6.96171802054155,4.225957049486461,1.0830999066293183,1.1008403361344539,3.1129785247432307,1.945845004668534,4.520309477756286,Regular,1071
Kevin Durant,201142.0,39.984375,10.2109375,20.9453125,0.4976953125,2.2421875,6.21875,0.369625,7.125,8.1484375,0.8630625000000001,29.7890625,0.7265625,6.953125,7.6796875,4.265625,1.0703125,1.1875,3.265625,2.4453125,5.3046875,Playoffs,128
Kyrie Irving,202681.0,33.66517857142857,8.389880952380953,17.855654761904763,0.46620535714285716,2.2351190476190474,5.71875,0.37726636904761907,3.8229166666666665,4.3273809523809526,0.793639880952381,22.83779761904762,0.7693452380952381,3.050595238095238,3.8199404761904763,5.623511904761905,1.318452380952381,0.4166666666666667,2.580357142857143,2.2842261904761907,2.245426829268293,Regular,672
Kyrie Irving,202681.0,36.71621621621622,8.5,18.68918918918919,0.4581216216216217,2.324324324324324,5.918918918918919,0.3924729729729729,3.972972972972973,4.45945945945946,0.7988378378378378,23.2972972972973,0.8243243243243243,2.8513513513513513,3.675675675675676,4.837837837837838,1.4189189189189189,0.6216216216216216,2.2162162162162162,2.310810810810811,5.445945945945946,Playoffs,74
Kawhi Leonard,202695.0,30.84399375975039,6.700468018720749,13.694227769110764,0.4897223088923557,1.4617784711388455,3.8673946957878313,0.3555429017160686,3.7441497659906395,4.416536661466458,0.6957410296411856,18.606864274570984,1.2277691107644306,5.157566302652106,6.385335413416537,2.8346333853354135,1.7098283931357254,0.609984399375975,1.5850234009360376,1.703588143525741,6.306349206349206,Regular,641
Kawhi Leonard,202695.0,35.13559322033898,7.838983050847458,15.432203389830509,0.5081694915254237,1.7542372881355932,4.406779661016949,0.37049999999999994,4.8559322033898304,5.6440677966101696,0.7553220338983051,22.28813559322034,1.6864406779661016,5.932203389830509,7.61864406779661,3.1016949152542375,1.771186440677966,0.711864406779661,1.9661016949152543,2.2711864406779663,4.940677966101695,Playoffs,118
James Harden,201935.0,34.061963775023834,7.127740705433746,16.148713060057197,0.43884747378455674,2.701620591039085,7.464251668255481,0.35758055290753094,7.237368922783603,8.437559580552907,0.821668255481411,24.19447092469018,0.7645376549094376,4.764537654909438,5.529075309818875,6.686367969494757,1.5224022878932317,0.5262154432793136,3.686367969494757,2.599618684461392,4.056640625,Regular,1049
James Harden,201935.0,36.98412698412698,7.4523809523809526,17.595238095238095,0.41573809523809524,2.6984126984126986,8.015873015873016,0.3387698412698412,7.373015873015873,8.444444444444445,0.8373095238095238,24.976190476190474,0.8095238095238095,4.817460317460317,5.626984126984127,6.746031746031746,1.746031746031746,0.5317460317460317,3.880952380952381,3.119047619047619,2.1746031746031744,Playoffs,126
Anthony Davis,203076.0,33.60844250363901,8.714701601164483,16.892285298398836,0.5137729257641921,0.48180494905385735,1.5720524017467248,0.1608777292576419,5.526928675400291,6.975254730713246,0.7457569141193596,23.438136826783115,2.491994177583697,7.551673944687045,10.043668122270743,2.2925764192139737,1.3493449781659388,2.272197962154294,1.9213973799126638,2.3173216885007277,0.9866071428571429,Regular,687
Anthony Davis,203076.0,37.02564102564103,9.820512820512821,18.256410256410255,0.5244358974358975,0.7948717948717948,2.4358974358974357,0.26023076923076927,6.897435897435898,8.23076923076923,0.8063589743589742,27.333333333333332,2.4358974358974357,7.871794871794871,10.307692307692308,2.7948717948717947,1.3333333333333333,1.8205128205128205,2.4358974358974357,2.7435897435897436,4.0256410256410255,Playoffs,39
Ben Simmons,1627732.0,32.803125,6.11875,10.95,0.563303125,0.01875,0.121875,0.0171875,2.715625,4.625,0.499815625,14.971875,1.75,6.146875,7.896875,7.5125,1.64375,0.725,3.26875,2.871875,2.98125,Regular,320
Ben Simmons,1627732.0,35.029411764705884,5.647058823529412,9.882352941176471,0.5685000000000001,0.0,0.058823529411764705,0.0,2.6176470588235294,5.029411764705882,0.4358529411764706,13.911764705882353,1.8823529411764706,6.147058823529412,8.029411764705882,7.5,1.3823529411764706,0.8823529411764706,3.0294117647058822,3.4705882352941178,3.8529411764705883,Playoffs,34
Damian Lillard,203081.0,35.652618135376756,7.900383141762452,18.05874840357599,0.43439208173690935,2.9859514687100894,8.017879948914432,0.35685568326947636,5.459770114942529,6.10727969348659,0.8403869731800767,24.24648786717752,0.5810983397190294,3.5057471264367814,4.086845466155811,6.510855683269476,0.9553001277139208,0.2988505747126437,2.8301404853128993,1.91698595146871,2.587012987012987,Regular,783
Damian Lillard,203081.0,40.31147540983606,8.21311475409836,19.934426229508198,0.4042950819672131,3.262295081967213,8.836065573770492,0.3345409836065574,6.032786885245901,6.80327868852459,0.8975737704918032,25.721311475409838,0.7049180327868853,3.80327868852459,4.508196721311475,6.229508196721311,1.180327868852459,0.3114754098360656,3.1311475409836067,2.278688524590164,-3.8524590163934427,Playoffs,61
Bradley Beal,203078.0,34.00696378830084,7.885793871866295,17.204735376044567,0.45295821727019503,2.15041782729805,5.813370473537605,0.3623885793871866,3.6894150417827296,4.483286908077995,0.703991643454039,21.61142061281337,0.8481894150417827,3.1587743732590527,4.006963788300836,4.110027855153203,1.1114206128133706,0.39136490250696376,2.3885793871866294,2.1894150417827296,0.5291607396870555,Regular,718
Bradley Beal,203078.0,39.84444444444444,8.511111111111111,19.266666666666666,0.4366444444444444,2.2666666666666666,6.533333333333333,0.3498444444444444,4.2,5.066666666666666,0.7968666666666665,23.488888888888887,1.1555555555555554,3.4,4.555555555555555,3.7555555555555555,1.4666666666666666,0.6,2.466666666666667,2.511111111111111,-0.4888888888888889,Playoffs,45
Klay Thompson,202691.0,32.443370165745854,7.251381215469613,15.88950276243094,0.4526229281767956,2.953038674033149,7.077348066298343,0.4031118784530387,1.8646408839779005,2.196132596685083,0.5529848066298343,19.320441988950275,0.44337016574585636,3.023480662983425,3.4668508287292816,2.3259668508287294,0.8964088397790055,0.5400552486187845,1.701657458563536,2.0994475138121547,5.730225988700565,Regular,724
Klay Thompson,202691.0,36.76978417266187,7.2086330935251794,16.345323741007196,0.4393669064748202,3.1510791366906474,7.748201438848921,0.39430935251798555,1.8345323741007193,2.179856115107914,0.5310143884892087,19.402877697841728,0.5179856115107914,3.3597122302158273,3.8776978417266186,2.237410071942446,0.9640287769784173,0.5611510791366906,1.7050359712230216,2.6115107913669067,4.244604316546763,Playoffs,139
LaMarcus Aldridge,200746.0,33.300344234079176,7.610154905335628,15.49053356282272,0.4838192771084337,0.20654044750430292,0.6652323580034424,0.10238468158347676,3.4208261617900173,4.22289156626506,0.7088941480206541,18.847676419965577,2.510327022375215,5.472461273666093,7.982788296041308,1.9036144578313252,0.7117039586919105,1.0963855421686748,1.5258175559380378,2.4070567986230635,2.374113475177305,Regular,1162
LaMarcus Aldridge,200746.0,35.96296296296296,8.148148148148149,18.0,0.44996296296296295,0.2777777777777778,0.8518518518518519,0.14320370370370372,4.5,5.314814814814815,0.7706481481481482,21.074074074074073,2.740740740740741,6.296296296296297,9.037037037037036,1.6666666666666667,0.5740740740740741,1.2777777777777777,1.5185185185185186,2.685185185185185,-1.8888888888888888,Playoffs,54
Dwyane Wade,2548.0,33.836319218241044,7.9185667752443,16.542345276872965,0.4749625407166123,0.5301302931596091,1.7809446254071661,0.17109120521172638,5.381107491856677,7.022801302931596,0.7118061889250814,21.748371335504885,1.1881107491856677,3.480456026058632,4.6685667752443,5.302117263843648,1.5407166123778502,0.8412052117263844,3.1718241042345277,2.252442996742671,2.503784693019344,Regular,1228
Dwyane Wade,2548.0,35.070422535211264,7.492957746478873,16.225352112676056,0.45612676056338025,0.5211267605633803,1.4366197183098592,0.19342253521126762,4.140845070422535,5.422535211267606,0.7143802816901408,19.64788732394366,1.0985915492957747,3.8028169014084505,4.901408450704225,4.197183098591549,1.4225352112676057,0.8450704225352113,2.7183098591549295,2.3098591549295775,2.943661971830986,Playoffs,71
Giannis Antetokounmpo,203507.0,32.06310013717421,7.857338820301783,14.74074074074074,0.5148765432098766,0.6776406035665294,2.374485596707819,0.21793689986282574,5.373113854595336,7.54320987654321,0.6744087791495199,21.765432098765434,1.6790123456790123,7.6241426611796985,9.303155006858711,4.530864197530864,1.1550068587105624,1.2743484224965707,2.8751714677640603,3.0082304526748973,3.177040110650069,Regular,729
Giannis Antetokounmpo,203507.0,36.328947368421055,10.052631578947368,19.07894736842105,0.5292763157894737,0.8026315789473685,3.039473684210526,0.2122236842105263,5.868421052631579,9.381578947368421,0.6026052631578948,26.776315789473685,2.3421052631578947,9.657894736842104,12.0,5.223684210526316,1.0394736842105263,1.355263157894737,3.236842105263158,3.289473684210526,3.8815789473684212,Playoffs,76
Stephen Curry,201939.0,33.66275346851654,8.207043756670224,17.33938100320171,0.46726787620064025,3.7171824973319105,8.739594450373533,0.4141163287086446,3.8623265741728923,4.258271077908217,0.7830736392742796,23.99359658484525,0.6488794023479189,3.9466382070437565,4.595517609391676,6.389541088580576,1.632870864461046,0.24119530416221985,3.12059765208111,2.3735325506937035,6.370737073707371,Regular,937
Stephen Curry,201939.0,37.046875,8.828125,19.4453125,0.4554140625,4.234375,10.515625,0.402,4.9453125,5.53125,0.8321875000000001,26.8359375,0.7734375,4.6875,5.4609375,6.1875,1.5859375,0.2890625,3.3359375,2.5625,7.0390625,Playoffs,128
Joel Embiid,203954.0,30.780160857908847,8.466487935656836,17.23592493297587,0.488739946380697,1.1313672922252012,3.428954423592493,0.3224289544235925,7.745308310991957,9.514745308310992,0.7969302949061662,25.80965147453083,2.25201072386059,8.769436997319035,11.021447721179625,3.2680965147453085,0.8605898123324397,1.5924932975871313,3.3619302949061662,3.072386058981233,5.455764075067024,Regular,373
Joel Embiid,203954.0,33.95454545454545,7.75,16.568181818181817,0.4634772727272727,1.0681818181818181,3.590909090909091,0.24940909090909094,7.4772727272727275,9.272727272727273,0.8091590909090908,24.045454545454547,2.090909090909091,9.0,11.090909090909092,2.8181818181818183,0.8181818181818182,1.5454545454545454,3.590909090909091,3.409090909090909,6.409090909090909,Playoffs,44
Paul George,202331.0,33.139759036144575,6.8108433734939755,15.69277108433735,0.4288554216867469,2.468674698795181,6.481927710843373,0.3598590361445783,3.955421686746988,4.6975903614457835,0.7226722891566265,20.045783132530122,0.8722891566265061,5.474698795180723,6.346987951807229,3.5421686746987953,1.7,0.4433734939759036,2.721686746987952,2.657831325301205,3.714993804213135,Regular,830
Paul George,202331.0,39.417582417582416,7.131868131868132,16.813186813186814,0.41659340659340655,2.5274725274725274,7.1208791208791204,0.34902197802197804,5.571428571428571,6.593406593406593,0.7617252747252746,22.36263736263736,1.0,6.791208791208791,7.791208791208791,4.142857142857143,1.5824175824175823,0.4945054945054945,3.0549450549450547,3.2637362637362637,2.5714285714285716,Playoffs,91
Kemba Walker,202689.0,32.62453066332916,6.53566958698373,15.668335419274092,0.40814768460575723,2.176470588235294,6.060075093867334,0.3320375469336671,3.7196495619524406,4.435544430538172,0.7284480600750939,18.967459324155193,0.5531914893617021,3.2052565707133915,3.758448060075094,5.16270337922403,1.216520650813517,0.37296620775969963,2.0801001251564455,1.4768460575719649,-0.15217391304347827,Regular,799
Kemba Walker,202689.0,36.58064516129032,6.709677419354839,16.29032258064516,0.4149354838709678,2.193548387096774,6.774193548387097,0.3153225806451613,4.032258064516129,4.645161290322581,0.8080967741935483,19.64516129032258,0.3225806451612903,3.4516129032258065,3.774193548387097,4.838709677419355,1.064516129032258,0.45161290322580644,2.161290322580645,2.225806451612903,-2.3548387096774195,Playoffs,31
Khris Middleton,203114.0,31.091298145506418,6.077032810271041,13.242510699001427,0.45592011412268185,1.8373751783166905,4.690442225392297,0.3711840228245364,2.8074179743223966,3.186875891583452,0.6771027104136949,16.79885877318117,0.5977175463623395,4.165477888730385,4.763195435092725,3.708987161198288,1.1854493580599144,0.19400855920114124,2.0756062767475036,2.5577746077032812,2.7626628075253254,Regular,701
Khris Middleton,203114.0,37.69565217391305,7.188405797101449,16.507246376811594,0.43976811594202897,2.4927536231884058,6.3768115942028984,0.38537681159420284,3.1739130434782608,3.681159420289855,0.7398695652173913,20.043478260869566,0.6956521739130435,5.594202898550725,6.2898550724637685,4.695652173913044,1.3043478260869565,0.2028985507246377,2.681159420289855,3.0434782608695654,3.4927536231884058,Playoffs,69
Nikola Jokic,203999.0,30.0251677852349,7.429530201342282,13.572147651006711,0.5460570469798659,0.9899328859060402,2.847315436241611,0.3055872483221476,3.575503355704698,4.325503355704698,0.6984395973154363,19.424496644295303,2.5587248322147653,7.587248322147651,10.145973154362416,6.243288590604027,1.2063758389261745,0.6996644295302014,2.838926174496644,2.790268456375839,4.166107382550336,Regular,596
Nikola Jokic,203999.0,36.75,10.145833333333334,19.541666666666668,0.5197708333333333,1.8541666666666667,4.6875,0.36920833333333336,4.291666666666667,5.104166666666667,0.7974583333333333,26.4375,3.0208333333333335,8.458333333333334,11.479166666666666,6.375,1.0416666666666667,0.875,3.0416666666666665,3.4375,-0.6875,Playoffs,48
Blake Griffin,201933.0,32.04369538077403,7.209737827715355,14.575530586766542,0.4841011235955056,0.6903870162297129,2.114856429463171,0.16665792759051185,4.138576779026217,5.982521847690387,0.637665418227216,19.248439450686643,1.9263420724094882,6.091136079900124,8.017478152309613,3.976279650436954,0.8551810237203495,0.4706616729088639,2.3083645443196006,2.724094881398252,3.0736434108527133,Regular,801
Blake Griffin,201933.0,33.04477611940298,7.119402985074627,14.462686567164178,0.47832835820895525,0.43283582089552236,1.1492537313432836,0.13528358208955224,3.8059701492537314,5.208955223880597,0.6354477611940298,18.47761194029851,1.955223880597015,5.850746268656716,7.8059701492537314,3.5522388059701493,1.0149253731343284,0.7910447761194029,2.1044776119402986,3.3582089552238807,0.5970149253731343,Playoffs,67
Russell Westbrook,201566.0,34.016769638128864,7.869373345101501,18.058252427184467,0.4314880847308032,1.087378640776699,3.5781112091791702,0.25051015004413063,5.2409532215357455,6.705207413945278,0.7406001765225066,22.067078552515447,1.620476610767873,5.526919682259488,7.147396293027361,8.23477493380406,1.6142983230361871,0.30979699911738745,4.0556045895851724,2.610767872903795,2.714543812104788,Regular,1133
Russell Westbrook,201566.0,37.70454545454545,8.75,21.443181818181817,0.40507954545454544,1.5227272727272727,5.193181818181818,0.2969545454545454,5.965909090909091,7.2727272727272725,0.7905681818181818,24.988636363636363,1.8295454545454546,5.75,7.579545454545454,8.295454545454545,1.8636363636363635,0.2727272727272727,3.965909090909091,2.897727272727273,1.3977272727272727,Playoffs,88
Kyle Lowry,200768.0,31.205574912891986,4.579268292682927,10.814459930313589,0.4138222996515679,1.8641114982578397,5.076655052264808,0.31661672473867597,3.3405923344947737,4.117595818815331,0.6970766550522647,14.363240418118467,0.7700348432055749,3.5060975609756095,4.276132404181185,6.127177700348432,1.3022648083623694,0.2865853658536585,2.3301393728222997,2.720383275261324,2.6926563916591113,Regular,1148
Kyle Lowry,200768.0,36.58510638297872,5.372340425531915,12.957446808510639,0.3985957446808511,2.0531914893617023,6.127659574468085,0.31659574468085105,3.297872340425532,4.138297872340425,0.648563829787234,16.095744680851062,0.7553191489361702,3.9468085106382977,4.702127659574468,6.095744680851064,1.4042553191489362,0.30851063829787234,2.595744680851064,3.6382978723404253,1.8404255319148937,Playoffs,94
Kevin Love,201567.0,29.950837988826816,5.6067039106145256,12.720670391061452,0.42840223463687144,1.782122905027933,4.755307262569833,0.30066033519553076,4.029050279329609,4.860335195530726,0.7158927374301676,17.024581005586594,2.453631284916201,7.891620111731844,10.345251396648045,2.299441340782123,0.6379888268156425,0.4044692737430168,1.8491620111731844,1.9966480446927375,0.8161849710982659,Regular,895
Kevin Love,201567.0,31.063492063492063,4.968253968253968,12.317460317460318,0.3941587301587301,2.238095238095238,5.5396825396825395,0.37984126984126976,3.1587301587301586,3.6984126984126986,0.6797142857142857,15.333333333333334,1.9841269841269842,7.682539682539683,9.666666666666666,1.8412698412698412,0.7301587301587301,0.5396825396825397,1.6666666666666667,2.380952380952381,5.222222222222222,Playoffs,63
Victor Oladipo,203506.0,32.133200795228625,6.230616302186879,14.278330019880716,0.4348131212723658,1.588469184890656,4.58648111332008,0.3409681908548708,2.9343936381709743,3.7077534791252487,0.6577554671968191,16.98409542743539,0.5924453280318092,3.94234592445328,4.534791252485089,3.892644135188867,1.5864811133200796,0.4532803180914513,2.5168986083499005,2.381709741550696,-0.09898989898989899,Regular,503
Victor Oladipo,203506.0,30.0,4.709677419354839,12.258064516129032,0.36090322580645157,1.8709677419354838,5.709677419354839,0.29719354838709683,3.0,3.7419354838709675,0.5982258064516128,14.290322580645162,0.2903225806451613,4.548387096774194,4.838709677419355,3.0,1.6774193548387097,0.3225806451612903,2.225806451612903,2.2903225806451615,1.5806451612903225,Playoffs,31
John Wall,202322.0,34.424817518248176,6.6671532846715325,15.528467153284671,0.42509781021897813,0.9854014598540146,3.105109489051095,0.25102773722627736,4.105109489051095,5.294890510948905,0.7118569343065693,18.424817518248176,0.5430656934306569,3.5576642335766424,4.1007299270073,8.731386861313869,1.618978102189781,0.6583941605839416,3.7284671532846714,2.115328467153285,0.05829596412556054,Regular,685
John Wall,202322.0,38.7027027027027,7.72972972972973,18.43243243243243,0.41905405405405405,0.9459459459459459,3.5405405405405403,0.2578648648648649,5.486486486486487,6.675675675675675,0.7999459459459461,21.89189189189189,0.5405405405405406,3.7567567567567566,4.297297297297297,9.837837837837839,1.7297297297297298,1.1081081081081081,3.918918918918919,2.27027027027027,2.2432432432432434,Playoffs,37
Goran Dragic,201609.0,26.763600395647874,4.8090999010880315,10.459940652818991,0.43688130563798216,1.19188921859545,3.3165182987141444,0.30316518298714146,2.277942631058358,2.983184965380811,0.5440138476755688,13.088031651829871,0.6795252225519288,2.2729970326409497,2.9525222551928785,4.621167161226508,0.9327398615232443,0.17804154302670624,2.1909000989119685,2.249258160237389,0.7261538461538461,Regular,1011
Goran Dragic,201609.0,31.295454545454547,6.5,14.431818181818182,0.43529545454545454,1.6818181818181819,4.818181818181818,0.32888636363636364,2.4545454545454546,3.1818181818181817,0.6065,17.136363636363637,0.7727272727272727,3.227272727272727,4.0,3.840909090909091,0.7954545454545454,0.1590909090909091,2.1818181818181817,3.022727272727273,1.4772727272727273,Playoffs,44
DeMar DeRozan,201942.0,33.669172932330824,7.31296992481203,15.718984962406015,0.4614877819548872,0.4276315789473684,1.480263157894737,0.15935244360902254,5.381578947368421,6.43609022556391,0.7701691729323309,20.43515037593985,0.7274436090225563,3.6080827067669174,4.3355263157894735,3.81296992481203,0.9699248120300752,0.29041353383458646,2.050751879699248,2.2471804511278197,0.1345595353339787,Regular,1064
DeMar DeRozan,201942.0,37.58730158730159,7.841269841269841,18.77777777777778,0.40920634920634924,0.38095238095238093,1.7777777777777777,0.12195238095238095,5.761904761904762,6.761904761904762,0.7942698412698411,21.825396825396826,0.6666666666666666,4.031746031746032,4.698412698412699,3.6825396825396823,1.1428571428571428,0.2222222222222222,2.2857142857142856,2.619047619047619,-5.904761904761905,Playoffs,63
Al Horford,201143.0,31.61904761904762,5.509157509157509,10.749084249084248,0.5144331501831502,0.6428571428571429,1.72985347985348,0.19367948717948716,1.5805860805860805,2.087912087912088,0.4878278388278388,13.241758241758241,1.9706959706959708,6.0576923076923075,8.02838827838828,3.1868131868131866,0.7811355311355311,1.163919413919414,1.4716117216117217,2.217948717948718,2.4022878932316494,Regular,1092
Al Horford,201143.0,34.379629629629626,5.583333333333333,10.796296296296296,0.5170740740740741,1.1111111111111112,2.574074074074074,0.30975,1.712962962962963,2.185185185185185,0.5254814814814815,13.99074074074074,1.7592592592592593,6.388888888888889,8.148148148148149,3.712962962962963,0.8611111111111112,1.25,1.6574074074074074,2.388888888888889,0.39814814814814814,Playoffs,108
Jimmy Butler,202710.0,32.67631578947368,5.655263157894737,12.257894736842106,0.45128289473684213,0.7776315789473685,2.4289473684210527,0.2453526315789474,5.330263157894737,6.360526315789474,0.7464486842105262,17.41842105263158,1.5394736842105263,3.7263157894736842,5.265789473684211,4.080263157894737,1.6171052631578948,0.45921052631578946,1.6210526315789473,1.4394736842105262,2.7627345844504023,Regular,760
Jimmy Butler,202710.0,37.130434782608695,6.771739130434782,14.782608695652174,0.43825000000000003,1.184782608695652,3.489130434782609,0.2824999999999999,5.532608695652174,6.641304347826087,0.7456630434782607,20.26086956521739,1.6956521739130435,4.391304347826087,6.086956521739131,4.467391304347826,1.684782608695652,0.5760869565217391,1.7826086956521738,1.7282608695652173,0.9782608695652174,Playoffs,92
Draymond Green,203110.0,28.058441558441558,3.102597402597403,7.074025974025974,0.41266363636363634,0.8116883116883117,2.5753246753246755,0.2511428571428571,1.4714285714285715,2.0714285714285716,0.4415844155844156,8.488311688311688,1.0480519480519481,5.735064935064935,6.783116883116883,5.327272727272727,1.338961038961039,0.9961038961038962,2.203896103896104,2.8155844155844156,5.391304347826087,Regular,770
Draymond Green,203110.0,35.63309352517986,4.323741007194244,9.56115107913669,0.4601870503597122,1.079136690647482,3.5179856115107913,0.2297913669064748,2.402877697841727,3.3093525179856114,0.6060215827338129,12.129496402877697,1.7194244604316546,7.517985611510792,9.237410071942445,6.338129496402877,1.589928057553957,1.4172661870503598,2.7194244604316546,3.8129496402877696,7.316546762589928,Playoffs,139
Paul Millsap,200794.0,27.51358024691358,4.893827160493827,10.009053497942388,0.47638847736625506,0.4757201646090535,1.4049382716049383,0.15236543209876544,2.782716049382716,3.808230452674897,0.5951135802469135,13.046090534979424,2.1432098765432097,4.802469135802469,6.945679012345679,2.1069958847736627,1.2049382716049384,0.9366255144032922,1.65679012345679,2.9786008230452676,2.462724935732648,Regular,1215
Paul Millsap,200794.0,30.24418604651163,4.616279069767442,10.767441860465116,0.4149186046511627,0.7906976744186046,2.7209302325581395,0.24763953488372092,3.4069767441860463,4.488372093023256,0.6259186046511627,13.430232558139535,1.9767441860465116,5.325581395348837,7.3023255813953485,2.0930232558139537,1.0,1.0930232558139534,1.8953488372093024,2.883720930232558,-0.5348837209302325,Playoffs,86
DeAndre Jordan,201599.0,26.12673450508788,3.619796484736355,5.35522664199815,0.6547076780758557,0.0018501387604070306,0.013876040703052728,0.0018501387604070306,1.7012025901942647,3.5855689176688252,0.3650786308973173,8.942645698427382,2.937095282146161,7.1017576318223865,10.038852913968547,0.9528214616096207,0.5402405180388529,1.4986123959296946,1.3672525439407957,2.5291396854764105,1.092734225621415,Regular,1081
DeAndre Jordan,201599.0,30.116666666666667,3.45,5.166666666666667,0.6095166666666666,0.0,0.016666666666666666,0.0,2.566666666666667,6.35,0.30001666666666665,9.466666666666667,3.0166666666666666,7.85,10.866666666666667,0.8,0.7666666666666667,1.9666666666666666,1.3666666666666667,2.9166666666666665,-2.2333333333333334,Playoffs,60
Marc Gasol,201188.0,31.80205128205128,5.0830769230769235,10.64,0.4764964102564102,0.4564102564102564,1.2851282051282051,0.1298225641025641,3.1517948717948716,4.072820512820512,0.640051282051282,13.774358974358975,1.598974358974359,5.798974358974359,7.397948717948718,3.2830769230769232,0.8830769230769231,1.397948717948718,1.961025641025641,2.852307692307692,1.3248407643312101,Regular,975
Marc Gasol,201188.0,32.58974358974359,4.423076923076923,10.179487179487179,0.4375641025641026,0.6794871794871795,1.8333333333333333,0.2073333333333333,3.3205128205128207,4.012820512820513,0.6175641025641025,12.846153846153847,1.1282051282051282,5.653846153846154,6.782051282051282,3.423076923076923,0.782051282051282,1.1666666666666667,1.3076923076923077,3.358974358974359,-0.01282051282051282,Playoffs,78
Chris Bosh,2547.0,35.038575667655785,6.772502472799209,13.788328387734916,0.4901127596439169,0.33827893175074186,1.0276953511374876,0.13785064292779425,4.909000989119684,6.147378832838774,0.736971315529179,18.792284866468844,2.111770524233432,6.213649851632048,8.32542037586548,1.9604352126607318,0.8328387734915925,1.0286844708209693,1.9821958456973294,2.427299703264095,2.1607515657620042,Regular,1011
Chris Bosh,2547.0,32.8421052631579,5.526315789473684,10.947368421052632,0.5156842105263157,1.0526315789473684,2.473684210526316,0.3513684210526316,2.236842105263158,2.8684210526315788,0.571078947368421,14.342105263157896,1.6842105263157894,4.973684210526316,6.657894736842105,0.868421052631579,0.6578947368421053,1.0789473684210527,1.0789473684210527,2.1578947368421053,1.9473684210526316,Playoffs,38
Pau Gasol,2200.0,32.88052373158756,6.356792144026187,12.53518821603928,0.5006088379705401,0.15548281505728315,0.41816693944353517,0.08648527004909984,3.756137479541735,4.957446808510638,0.6910785597381343,16.625204582651392,2.469721767594108,6.646481178396072,9.11620294599018,3.229950900163666,0.502454991816694,1.5270049099836334,2.041734860883797,2.1391162029459903,2.2555178268251272,Regular,1222
Pau Gasol,2200.0,28.95744680851064,4.319148936170213,9.446808510638299,0.4550425531914894,0.19148936170212766,0.6382978723404256,0.11702127659574468,1.872340425531915,2.4680851063829787,0.5347872340425531,10.702127659574469,2.1914893617021276,6.148936170212766,8.340425531914894,3.106382978723404,0.425531914893617,1.3829787234042554,1.6595744680851063,2.0851063829787235,-0.6808510638297872,Playoffs,47
Chris Paul,101108.0,34.03804347826087,6.216614906832298,13.20496894409938,0.4628082298136646,1.2981366459627328,3.534937888198758,0.32592391304347823,3.9472049689440993,4.553571428571429,0.766702639751553,17.678571428571427,0.6218944099378882,3.8260869565217392,4.4479813664596275,9.408385093167702,2.0861801242236027,0.14751552795031056,2.404503105590062,2.4285714285714284,4.804700162074554,Regular,1288
Chris Paul,101108.0,35.773109243697476,7.436974789915967,15.336134453781513,0.48119327731092437,1.815126050420168,4.7899159663865545,0.36545378151260494,3.3949579831932772,3.8823529411764706,0.7102100840336134,20.084033613445378,0.6554621848739496,4.168067226890757,4.823529411764706,7.773109243697479,1.915966386554622,0.20168067226890757,2.53781512605042,3.0168067226890756,1.3025210084033614,Playoffs,119
Jeff Teague,201952.0,26.48777777777778,4.217777777777778,9.557777777777778,0.4187644444444445,0.8344444444444444,2.341111111111111,0.28739222222222216,2.7111111111111112,3.2177777777777776,0.5993499999999999,11.981111111111112,0.32222222222222224,2.0444444444444443,2.3666666666666667,5.388888888888889,1.12,0.3233333333333333,2.1533333333333333,1.8488888888888888,0.8189066059225513,Regular,900
Jeff Teague,201952.0,27.185714285714287,4.271428571428571,10.757142857142858,0.34624285714285713,1.0,2.8714285714285714,0.2827142857142857,3.0,3.5,0.6424857142857142,12.542857142857143,0.42857142857142855,2.057142857142857,2.4857142857142858,4.642857142857143,0.8714285714285714,0.35714285714285715,2.0142857142857142,2.2,-2.2142857142857144,Playoffs,70
Kyle Korver,2594.0,24.948567229977957,3.31373989713446,7.511388684790595,0.425686994856723,1.958119030124908,4.579720793534166,0.4108772961058046,1.0609845701689933,1.2049963262307126,0.4242556943423953,9.646583394562821,0.2784717119764879,2.6193975018368847,2.8978692138133724,1.7002204261572373,0.6436443791329904,0.32402645113886847,1.0668626010286555,2.041146216017634,2.232469512195122,Regular,1361
Kyle Korver,2594.0,24.103092783505154,2.6907216494845363,6.402061855670103,0.38114432989690716,1.9690721649484537,5.010309278350515,0.35458762886597933,0.8556701030927835,0.9587628865979382,0.3294639175257732,8.206185567010309,0.17525773195876287,2.711340206185567,2.88659793814433,0.9690721649484536,0.5876288659793815,0.44329896907216493,0.8041237113402062,1.7525773195876289,2.4536082474226806,Playoffs,97
Tim Duncan,1495.0,31.595323741007196,6.79226618705036,13.518884892086332,0.504226618705036,0.01618705035971223,0.08992805755395683,0.014838129496402877,3.7607913669064748,5.486510791366906,0.6471591726618705,17.361510791366907,2.5620503597122304,7.601618705035971,10.163669064748202,2.902877697841727,0.6960431654676259,1.97931654676259,2.125,2.180755395683453,5.704672897196262,Regular,1112
Tim Duncan,1495.0,31.29310344827586,6.120689655172414,11.879310344827585,0.4987758620689655,0.0,0.08620689655172414,0.0,2.7758620689655173,3.8793103448275863,0.6371206896551723,15.017241379310345,2.310344827586207,6.275862068965517,8.586206896551724,2.189655172413793,0.5862068965517241,1.4655172413793103,1.206896551724138,2.3793103448275863,6.982758620689655,Playoffs,58
Joe Johnson,2207.0,35.32877813504823,6.387459807073955,14.388263665594856,0.43396623794212213,1.6334405144694535,4.371382636655949,0.34864308681672024,2.3842443729903535,2.9686495176848875,0.6094316720257235,16.792604501607716,0.8480707395498392,3.1889067524115755,4.036977491961415,4.07475884244373,0.8617363344051447,0.19292604501607716,2.0562700964630225,1.7805466237942122,0.6006739679865206,Regular,1244
Joe Johnson,2207.0,32.875,5.390625,12.359375,0.42489062499999997,1.265625,4.109375,0.25826562500000005,1.765625,2.171875,0.53221875,13.8125,0.609375,3.359375,3.96875,2.640625,0.671875,0.140625,1.34375,1.75,-1.65625,Playoffs,64
Roy Hibbert,201579.0,24.922554347826086,3.9904891304347827,8.595108695652174,0.4557323369565217,0.008152173913043478,0.035326086956521736,0.006793478260869565,2.160326086956522,2.875,0.5462255434782609,10.14945652173913,2.364130434782609,4.038043478260869,6.4021739130434785,1.3206521739130435,0.36141304347826086,1.7540760869565217,1.611413043478261,3.139945652173913,-0.0357653791130186,Regular,736
Roy Hibbert,201579.0,30.10810810810811,4.216216216216216,8.837837837837839,0.4285945945945946,0.02702702702702703,0.05405405405405406,0.02702702702702703,2.5405405405405403,3.3513513513513513,0.5724324324324325,11.0,3.081081081081081,4.702702702702703,7.783783783783784,1.135135135135135,0.24324324324324326,2.054054054054054,1.7027027027027026,3.4054054054054053,2.027027027027027,Playoffs,37
Dwight Howard,2730.0,31.569876900796523,5.67632150615496,9.682838522809558,0.582599565532223,0.0166545981173063,0.07965242577842144,0.014240405503258509,4.3606082548877625,7.679217958001448,0.5355445329471398,15.729181752353368,3.331643736422882,8.393917451122375,11.725561187545257,1.3468501086169442,0.8761766835626358,1.836350470673425,2.7060101375814627,3.2013034033309196,2.250564334085779,Regular,1381
Dwight Howard,2730.0,24.955882352941178,4.235294117647059,7.367647058823529,0.5661911764705883,0.014705882352941176,0.058823529411764705,0.014705882352941176,2.926470588235294,5.985294117647059,0.4549117647058823,11.411764705882353,2.9558823529411766,6.676470588235294,9.632352941176471,1.0,0.7205882352941176,1.3235294117647058,1.8088235294117647,3.3823529411764706,-2.5294117647058822,Playoffs,68
Tony Parker,2225.0,30.517268445839875,6.448979591836735,13.087912087912088,0.4762605965463108,0.34379905808477235,1.0894819466248038,0.17571585557299843,2.8500784929356358,3.7982731554160125,0.6096091051805338,16.091836734693878,0.3618524332810047,2.3830455259026686,2.7448979591836733,5.634222919937206,0.8218210361067504,0.07849293563579278,2.357927786499215,1.6020408163265305,4.2727272727272725,Regular,1274
Tony Parker,2225.0,29.704225352112676,6.295774647887324,13.591549295774648,0.4360422535211267,0.5070422535211268,1.5492957746478873,0.21853521126760564,2.5492957746478875,3.267605633802817,0.5567183098591549,15.647887323943662,0.323943661971831,2.1690140845070425,2.492957746478873,4.802816901408451,0.6619718309859155,0.07042253521126761,2.2253521126760565,1.4366197183098592,4.140845070422535,Playoffs,71
Rajon Rondo,200765.0,29.95108695652174,4.07518115942029,8.980978260869565,0.4318061594202899,0.44565217391304346,1.3867753623188406,0.1779338768115942,1.2581521739130435,2.046195652173913,0.3172373188405797,9.854166666666666,0.9773550724637681,3.585144927536232,4.5625,7.813405797101449,1.598731884057971,0.13768115942028986,2.6793478260869565,2.1096014492753623,1.3764150943396227,Regular,1104
Rajon Rondo,200765.0,30.081967213114755,4.459016393442623,10.049180327868852,0.41140983606557363,0.7868852459016393,2.2131147540983607,0.29344262295081963,1.1475409836065573,1.6885245901639345,0.3682459016393443,10.852459016393443,1.1311475409836065,4.081967213114754,5.213114754098361,8.491803278688524,1.5081967213114753,0.16393442622950818,2.6065573770491803,2.0655737704918034,0.5245901639344263,Playoffs,61
Kevin Garnett,708.0,31.64263959390863,6.612182741116751,13.127918781725889,0.5084527918781726,0.05583756345177665,0.25380710659898476,0.042808121827411165,3.2040609137055838,3.9401015228426397,0.6422730964467004,16.484263959390862,1.765482233502538,7.826395939086295,9.591878172588833,3.221319796954315,1.1908629441624365,1.1411167512690354,1.916751269035533,2.3786802030456853,3.7880085653104927,Regular,985
Kevin Garnett,708.0,31.526315789473685,5.842105263157895,11.657894736842104,0.49710526315789466,0.02631578947368421,0.21052631578947367,0.02631578947368421,2.5789473684210527,3.1578947368421053,0.6522105263157895,14.289473684210526,1.5526315789473684,8.026315789473685,9.578947368421053,1.763157894736842,0.9736842105263158,1.0526315789473684,2.0,2.8157894736842106,3.736842105263158,Playoffs,38
Jrue Holiday,201950.0,32.36634717784877,6.236421725239617,13.54419595314164,0.4549339723109691,1.4057507987220448,3.832800851970181,0.3347348242811502,1.9968051118210863,2.5559105431309903,0.5595378061767837,15.875399361022364,0.9009584664536742,3.0851970181043664,3.9861554845580405,6.272630457933972,1.4877529286474973,0.49733759318423854,2.702875399361022,2.212992545260916,2.221122112211221,Regular,939
Jrue Holiday,201950.0,37.93333333333333,6.933333333333334,16.533333333333335,0.4232833333333333,1.75,5.4,0.3136,2.15,2.75,0.5660000000000001,17.766666666666666,1.2,4.033333333333333,5.233333333333333,6.9,1.5166666666666666,0.5166666666666667,2.4,2.0833333333333335,2.6,Playoffs,60
David Lee,101135.0,28.89098998887653,5.451612903225806,10.235817575083425,0.527880978865406,0.0011123470522803114,0.0389321468298109,0.0011123470522803114,2.4827586206896552,3.228031145717464,0.6087641824249166,13.387096774193548,2.5494994438264738,6.172413793103448,8.721913236929922,2.1835372636262513,0.7497219132369299,0.39154616240266965,1.7552836484983314,2.6151279199110125,-0.08254716981132075,Regular,899
David Lee,101135.0,16.17948717948718,2.358974358974359,4.82051282051282,0.41161538461538466,0.0,0.02564102564102564,0.0,0.9230769230769231,1.4102564102564104,0.291025641025641,5.641025641025641,1.4871794871794872,3.0256410256410255,4.512820512820513,1.0256410256410255,0.28205128205128205,0.20512820512820512,0.7435897435897436,1.8717948717948718,1.7179487179487178,Playoffs,39
Zach Randolph,2216.0,32.56855575868373,6.961608775137112,14.839122486288849,0.46769926873857404,0.20018281535648993,0.7239488117001828,0.10132266910420475,3.3674588665447898,4.404936014625228,0.6582340036563071,17.490859232175502,3.045703839122486,6.576782449725777,9.622486288848263,1.9707495429616089,0.7870201096892139,0.28884826325411334,2.1983546617915906,2.4817184643510055,-0.22639691714836224,Regular,1094
Zach Randolph,2216.0,34.48780487804878,6.463414634146342,14.853658536585366,0.44036585365853664,0.04878048780487805,0.4146341463414634,0.036585365853658534,2.902439024390244,4.048780487804878,0.6014634146341463,15.878048780487806,2.975609756097561,5.7073170731707314,8.682926829268293,1.5853658536585367,0.7073170731707317,0.1951219512195122,1.853658536585366,3.1463414634146343,-1.0,Playoffs,41
Paul Pierce,1718.0,32.630878438331855,5.876663708961845,13.094942324755989,0.4411623779946761,1.4924578527063,4.055900621118012,0.33704702750665483,4.821650399290151,5.896184560780834,0.7267533274179236,18.06743566992014,0.6184560780834073,4.6104702750665485,5.228926353149956,3.526175687666371,1.0860692102928127,0.43123336291038156,2.4889086069210293,2.622005323868678,2.7613741875580318,Regular,1127
Paul Pierce,1718.0,30.95,4.616666666666666,11.25,0.38753333333333323,1.5833333333333333,4.316666666666666,0.3181833333333333,3.0,3.4833333333333334,0.5713666666666666,13.816666666666666,0.4,4.116666666666666,4.516666666666667,2.25,0.9833333333333333,0.5333333333333333,2.066666666666667,3.05,-0.7666666666666667,Playoffs,60
Deron Williams,101114.0,33.82998944033791,5.736008447729673,12.848996832101372,0.4370950369588173,1.3864836325237593,3.836325237592397,0.3270316789862724,3.4952481520591343,4.256599788806758,0.68589651531151,16.353748680042237,0.42872228088701164,2.651531151003168,3.0802534318901795,7.967265047518479,1.027455121436114,0.23864836325237593,2.852164730728617,2.5068637803590286,0.9888765294771968,Regular,947
Deron Williams,101114.0,26.543478260869566,3.608695652173913,8.891304347826088,0.39,1.326086956521739,3.4782608695652173,0.3074782608695652,1.934782608695652,2.347826086956522,0.4559130434782607,10.478260869565217,0.30434782608695654,2.347826086956522,2.652173913043478,4.521739130434782,0.8478260869565217,0.15217391304347827,1.9130434782608696,2.1956521739130435,-0.021739130434782608,Playoffs,46
Andre Iguodala,2738.0,31.80703066566941,4.052356020942408,8.827225130890053,0.45655048616305155,0.8698578908002992,2.643231114435303,0.2834225878833209,2.300673148840688,3.2490650710546,0.48059012715033655,11.275243081525804,0.9042632759910246,3.9775617053103964,4.881824981301421,4.145848915482423,1.4427823485415108,0.5003739715781601,1.8586387434554974,1.7756170531039641,2.29296875,Regular,1337
Andre Iguodala,2738.0,28.309677419354838,3.206451612903226,6.84516129032258,0.4539806451612903,1.0516129032258064,2.890322580645161,0.30003870967741936,1.2258064516129032,2.2129032258064516,0.3344064516129033,8.69032258064516,0.9419354838709677,3.2580645161290325,4.2,3.2193548387096773,1.1225806451612903,0.5161290322580645,1.0838709677419356,1.9548387096774194,2.0387096774193547,Playoffs,155
Ray Allen,951.0,34.43496801705757,6.105543710021322,13.482942430703625,0.45040724946695093,2.3038379530916844,5.79317697228145,0.38645948827292115,3.109808102345416,3.44136460554371,0.7615511727078892,17.624733475479744,0.744136460554371,2.8560767590618337,3.600213219616205,2.884861407249467,0.9850746268656716,0.18336886993603413,1.8038379530916844,1.9840085287846483,3.631399317406143,Regular,938
Ray Allen,951.0,29.976190476190474,3.4761904761904763,8.452380952380953,0.40349999999999997,1.7619047619047619,4.880952380952381,0.3354047619047619,1.8333333333333333,2.2142857142857144,0.5455238095238095,10.547619047619047,0.6190476190476191,3.142857142857143,3.761904761904762,1.4047619047619047,0.8333333333333334,0.14285714285714285,1.0952380952380953,2.0714285714285716,2.1666666666666665,Playoffs,42
Manu Ginobili,1938.0,26.0,4.469723183391004,10.040657439446367,0.4345276816608996,1.4662629757785468,3.995674740484429,0.3368737024221453,3.394463667820069,4.098615916955017,0.6890198961937716,13.800173010380623,0.6487889273356401,3.0095155709342563,3.6583044982698962,3.8961937716262978,1.3036332179930796,0.3027681660899654,2.102076124567474,2.1366782006920415,5.175,Regular,1156
Manu Ginobili,1938.0,22.367088607594937,3.4556962025316458,8.050632911392405,0.3984050632911392,1.3037974683544304,3.6455696202531644,0.3282911392405063,2.5443037974683542,3.088607594936709,0.6558481012658227,10.759493670886076,0.4810126582278481,2.569620253164557,3.050632911392405,3.569620253164557,1.1139240506329113,0.25316455696202533,1.7974683544303798,2.3417721518987342,3.8987341772151898,Playoffs,79
