Player,Pos,Age,Tm,G,MP,PER,TS%,3PAr,FTr,ORB%,DRB%,TRB%,AST%,STL%,BLK%,TOV%,USG%,OWS,DWS,WS,WS/48,OBPM,DBPM,BPM,VORP,Year
LaMarcus Aldridge,PF,26,POR,55,1994,22.7,.560,.012,.291,8.6,17.5,12.9,13.2,1.3,1.7,9.5,27.0,5.4,1.6,7.0,.169,3.4,-0.4,3.0,2.5,2012
DeMar DeRozan,SG,22,TOR,63,2206,12.8,.503,.102,.367,2.1,9.0,5.6,10.8,1.2,0.6,10.5,25.0,1.1,1.4,2.5,.054,-1.4,-1.3,-2.7,-0.4,2012
Goran Dragic,PG,25,HOU,66,1752,18.0,.567,.337,.317,3.5,7.7,5.6,32.5,2.5,0.4,18.7,21.8,3.6,1.5,5.1,.139,1.9,0.0,1.9,1.7,2012
Kevin Durant,SF,23,OKC,66,2546,26.2,.610,.265,.386,1.9,20.4,11.8,17.5,1.8,2.2,14.0,31.3,8.5,3.7,12.2,.230,6.2,0.8,7.0,5.8,2012
Marc Gasol,C,27,MEM,65,2370,18.4,.541,.016,.428,5.8,23.1,14.3,14.1,1.4,4.1,12.1,19.1,4.2,4.0,8.2,.166,1.0,2.1,3.1,3.1,2012
Pau Gasol,PF,31,LAL,65,2430,20.4,.547,.029,.285,8.8,21.8,15.6,17.2,0.8,2.6,12.1,22.1,5.2,3.1,8.3,.165,2.6,0.8,3.4,3.3,2012
Paul George,SG,21,IND,66,1958,16.5,.555,.366,.285,3.2,17.9,10.6,13.6,2.9,1.5,14.0,19.3,2.8,3.2,6.0,.148,1.4,2.1,3.4,2.7,2012
Blake Griffin,PF,22,LAC,66,2392,23.4,.557,.016,.458,10.7,25.1,17.8,16.6,1.2,1.7,10.9,26.6,6.6,2.6,9.2,.185,3.9,-0.2,3.7,3.4,2012
James Harden,SG,22,OKC,62,1946,21.1,.660,.464,.587,1.9,12.2,7.4,19.3,1.6,0.6,14.8,21.6,7.5,1.8,9.3,.230,4.1,0.2,4.3,3.1,2012
Roy Hibbert,C,25,IND,65,1937,19.3,.539,.001,.358,12.5,20.7,16.6,9.9,0.9,5.2,14.2,21.1,3.2,3.0,6.2,.154,1.0,0.4,1.4,1.7,2012
Jrue Holiday,PG,21,PHI,65,2196,14.7,.496,.205,.144,2.9,7.9,5.4,21.6,2.5,0.6,13.2,21.8,0.9,3.3,4.2,.092,-0.5,0.9,0.4,1.3,2012
Dwight Howard,C,26,ORL,54,2070,24.2,.569,.010,.788,11.0,33.1,21.9,9.8,2.1,4.4,15.2,26.1,3.3,4.4,7.7,.179,2.2,2.0,4.3,3.3,2012
Andre Iguodala,SF,28,PHI,62,2209,17.6,.537,.305,.310,2.8,16.4,9.6,23.7,2.6,1.0,13.8,17.7,3.1,4.2,7.3,.158,1.5,2.5,4.0,3.3,2012
Kyrie Irving,PG,19,CLE,51,1558,21.4,.566,.245,.262,3.1,11.2,7.0,36.5,1.8,1.0,16.1,28.7,3.4,0.6,4.1,.125,4.6,-0.5,4.1,2.4,2012
LeBron James,SF,27,MIA,62,2326,30.7,.605,.127,.429,5.0,19.7,12.6,33.6,2.6,1.7,13.3,32.0,10.0,4.5,14.5,.298,8.2,2.7,10.9,7.6,2012
Joe Johnson,SG,30,ATL,60,2127,18.4,.557,.346,.200,2.9,9.2,6.1,19.7,1.2,0.5,10.3,24.9,4.4,2.1,6.4,.145,3.1,-1.0,2.1,2.2,2012
DeAndre Jordan,C,23,LAC,66,1798,16.4,.626,.003,.433,13.2,23.0,18.1,1.5,0.9,6.2,16.0,11.9,3.2,2.4,5.6,.150,-0.4,0.4,0.1,0.9,2012
Kyle Korver,SG,30,CHI,65,1469,13.6,.600,.658,.160,2.0,9.9,6.0,11.7,1.3,0.7,10.7,15.3,3.1,2.1,5.3,.172,1.1,1.2,2.2,1.6,2012
David Lee,PF,28,GSW,57,2121,19.7,.549,.005,.304,9.2,19.9,14.6,13.6,1.3,0.8,12.5,26.0,3.8,1.2,5.0,.113,1.2,-1.6,-0.3,0.9,2012
Kawhi Leonard,SF,20,SAS,64,1534,16.6,.573,.270,.218,7.9,16.4,12.2,6.6,2.9,1.1,9.0,14.5,3.1,2.4,5.5,.171,1.6,1.8,3.4,2.1,2012
Kevin Love,PF,23,MIN,55,2145,25.4,.568,.266,.434,11.6,26.4,19.0,10.0,1.1,0.9,9.2,28.8,7.6,2.3,10.0,.223,6.1,-0.9,5.2,3.9,2012
Kyle Lowry,PG,25,HOU,47,1510,18.8,.558,.411,.386,2.8,13.7,8.2,32.3,2.5,0.7,17.8,22.0,3.3,1.6,4.9,.156,2.8,1.2,4.1,2.3,2012
Paul Millsap,PF,26,UTA,64,2100,21.8,.545,.036,.296,9.7,21.2,15.4,12.4,2.9,2.0,10.3,23.2,4.9,2.9,7.8,.179,2.6,1.3,3.9,3.1,2012
Tony Parker,PG,29,SAS,60,1923,22.0,.539,.069,.319,1.3,8.7,5.1,40.3,1.5,0.2,13.1,27.7,5.5,1.6,7.1,.177,3.6,-0.9,2.7,2.3,2012
Chris Paul,PG,26,LAC,60,2181,27.0,.581,.239,.339,2.3,9.4,5.8,43.8,3.8,0.2,10.8,24.3,10.4,2.3,12.7,.278,6.7,2.4,9.2,6.1,2012
Rajon Rondo,PG,25,BOS,53,1957,17.5,.483,.073,.316,3.9,11.2,7.7,52.5,2.6,0.1,22.8,20.7,1.5,3.4,4.9,.121,1.5,0.6,2.2,2.1,2012
Jeff Teague,PG,23,ATL,66,2183,15.8,.551,.222,.275,1.1,7.4,4.3,24.3,2.6,1.3,15.1,19.1,3.0,3.0,6.0,.131,0.0,1.3,1.3,1.8,2012
Klay Thompson,SG,21,GSW,66,1608,14.9,.545,.373,.127,1.7,9.6,5.7,14.2,1.6,1.0,12.0,24.7,1.4,0.3,1.7,.050,0.3,-1.7,-1.4,0.2,2012
Dwyane Wade,SG,30,MIA,49,1625,26.3,.559,.067,.355,5.6,11.6,8.7,27.3,2.7,3.1,11.8,31.3,4.8,2.9,7.7,.227,6.0,1.9,7.9,4.0,2012
Kemba Walker,PG,21,CHA,66,1792,14.9,.464,.295,.278,1.9,13.5,7.5,30.2,1.8,0.8,12.1,25.2,-0.2,0.5,0.3,.009,0.7,-1.4,-0.8,0.6,2012
John Wall,PG,21,WAS,66,2386,17.7,.502,.047,.450,2.2,12.0,7.1,36.9,2.1,1.8,19.2,24.9,1.7,1.9,3.5,.071,1.3,-0.6,0.7,1.6,2012
Russell Westbrook,PG,23,OKC,66,2331,22.9,.538,.155,.326,5.0,9.4,7.4,29.8,2.5,0.7,14.2,32.7,5.5,2.4,7.9,.163,3.7,-0.7,3.0,3.0,2012
Deron Williams,PG,27,NJN,55,1999,20.3,.527,.356,.317,1.3,9.6,5.3,46.6,1.8,0.8,16.7,30.1,3.7,0.4,4.1,.099,4.2,-1.9,2.3,2.2,2012
LaMarcus Aldridge,PF,27,POR,74,2790,20.4,.530,.011,.264,7.2,20.9,14.0,13.0,1.2,2.5,8.9,26.5,4.8,2.3,7.2,.124,1.7,-0.4,1.3,2.3,2013
Bradley Beal,SG,19,WAS,56,1745,13.6,.515,.344,.231,2.7,10.8,6.7,13.7,1.5,1.3,10.6,22.2,1.0,2.0,3.0,.082,0.0,0.2,0.2,1.0,2013
Jimmy Butler,SF,23,CHI,82,2134,15.2,.574,.205,.455,7.2,10.4,8.8,8.6,2.0,1.1,9.2,14.6,4.4,2.6,7.0,.158,1.0,1.0,2.0,2.1,2013
Stephen Curry,PG,24,GSW,78,2983,21.3,.589,.432,.210,2.3,9.1,5.8,31.1,2.1,0.3,13.7,26.4,8.4,2.8,11.2,.180,5.3,0.1,5.4,5.6,2013
Anthony Davis,PF,19,NOH,64,1846,21.7,.559,.009,.333,10.5,23.5,16.8,6.1,2.2,5.1,10.3,21.8,3.7,2.4,6.1,.159,1.8,0.7,2.5,2.1,2013
DeMar DeRozan,SG,23,TOR,82,3013,14.7,.523,.097,.347,1.9,10.9,6.3,12.0,1.3,0.6,9.6,24.2,3.1,1.6,4.7,.075,-0.2,-1.2,-1.4,0.4,2013
Goran Dragic,PG,26,PHO,77,2581,17.5,.540,.305,.360,2.6,8.0,5.2,35.7,2.5,0.8,16.8,21.7,4.1,1.6,5.7,.106,1.7,-0.3,1.4,2.2,2013
Kevin Durant,SF,24,OKC,81,3119,28.3,.647,.233,.523,1.8,20.3,11.8,21.7,1.9,2.6,13.7,29.8,13.6,5.3,18.9,.291,7.6,1.7,9.3,8.9,2013
Marc Gasol,C,28,MEM,80,2796,19.5,.559,.016,.364,7.6,18.9,13.1,19.1,1.6,4.1,13.5,19.2,6.1,5.4,11.5,.197,2.1,3.1,5.2,5.1,2013
Pau Gasol,PF,32,LAL,49,1655,16.7,.512,.048,.307,7.6,20.1,14.0,19.9,0.7,2.7,13.7,20.5,2.0,1.7,3.7,.107,1.1,0.9,2.0,1.7,2013
Paul George,SF,22,IND,79,2972,16.8,.531,.399,.233,3.4,19.0,11.3,19.6,2.6,1.3,15.2,23.5,2.7,6.3,9.0,.145,1.5,2.3,3.8,4.4,2013
Blake Griffin,PF,23,LAC,80,2598,22.4,.572,.026,.397,8.7,21.5,15.2,19.9,2.0,1.6,12.8,25.4,6.8,3.9,10.6,.196,3.2,0.8,4.1,4.0,2013
James Harden,SG,23,HOU,78,2985,22.9,.600,.364,.592,2.4,11.9,7.2,25.7,2.4,1.0,14.9,29.0,9.8,3.0,12.8,.206,5.2,0.5,5.6,5.8,2013
Roy Hibbert,C,26,IND,79,2269,17.3,.489,.005,.261,14.8,17.4,16.1,8.9,0.9,6.7,14.5,22.5,1.3,4.9,6.1,.129,-1.7,1.4,-0.3,0.9,2013
Jrue Holiday,PG,22,PHI,78,2926,16.7,.496,.192,.188,3.3,9.5,6.4,36.5,2.2,0.9,17.3,26.6,0.6,2.7,3.3,.055,1.2,-0.7,0.5,1.9,2013
Al Horford,C,26,ATL,74,2756,19.8,.560,.006,.196,8.2,23.0,15.7,15.3,1.5,2.2,11.3,21.8,4.7,4.1,8.8,.153,1.3,0.6,1.9,2.7,2013
Dwight Howard,C,27,LAL,76,2722,19.4,.573,.007,.887,10.4,27.4,19.1,6.6,1.6,4.9,16.6,22.2,2.8,4.8,7.6,.134,-0.6,1.1,0.6,1.8,2013
Andre Iguodala,SG,29,DEN,80,2779,15.2,.520,.327,.307,3.4,13.5,8.5,22.4,2.5,1.5,17.1,18.8,2.4,3.2,5.6,.097,1.2,1.4,2.6,3.3,2013
Kyrie Irving,PG,20,CLE,59,2048,21.4,.553,.261,.271,1.8,10.8,6.1,32.7,2.3,0.8,13.8,30.2,4.2,1.1,5.3,.125,4.3,-0.7,3.7,3.0,2013
LeBron James,PF,28,MIA,76,2877,31.6,.640,.188,.395,4.4,20.8,13.1,36.4,2.4,1.9,12.4,30.2,14.6,4.7,19.3,.322,9.3,2.4,11.7,9.9,2013
Joe Johnson,SG,31,BRK,72,2642,14.1,.521,.375,.153,2.4,7.4,4.9,16.7,1.0,0.4,9.9,21.7,3.9,1.2,5.1,.092,1.4,-1.4,0.0,1.3,2013
DeAndre Jordan,C,24,LAC,82,2010,17.2,.606,.000,.510,12.7,22.4,17.6,2.2,1.3,4.7,14.3,15.9,3.0,3.2,6.2,.148,-0.1,-0.2,-0.2,0.9,2013
Kyle Korver,SF,31,ATL,74,2259,13.9,.637,.689,.130,1.2,13.5,7.4,9.9,1.6,1.3,9.9,14.5,4.0,2.5,6.4,.137,1.1,0.7,1.8,2.2,2013
David Lee,PF,29,GSW,79,2907,19.2,.561,.003,.276,8.5,24.5,16.8,16.5,1.2,0.6,13.7,23.2,5.4,3.7,9.1,.150,1.4,0.4,1.8,2.8,2013
Kawhi Leonard,SF,21,SAS,58,1810,16.4,.592,.331,.240,4.3,17.1,11.1,7.7,2.7,1.3,9.6,16.4,3.0,3.3,6.2,.166,1.1,2.0,3.1,2.3,2013
Damian Lillard,PG,22,POR,82,3167,16.4,.546,.391,.249,1.5,8.0,4.7,28.8,1.2,0.5,14.5,24.2,5.1,0.7,5.8,.088,2.1,-1.9,0.3,1.8,2013
Kyle Lowry,PG,26,TOR,68,2020,17.5,.543,.448,.384,3.2,15.9,9.5,34.6,2.5,1.0,17.7,20.3,3.5,2.1,5.6,.133,2.0,0.9,2.9,2.5,2013
Paul Millsap,PF,27,UTA,78,2375,19.8,.550,.045,.407,8.6,18.8,13.7,14.5,2.3,2.7,11.8,22.4,4.8,2.9,7.6,.154,1.7,1.0,2.7,2.8,2013
Tony Parker,PG,30,SAS,66,2174,23.0,.588,.068,.332,1.0,9.1,5.3,40.4,1.3,0.2,13.0,27.7,7.1,2.3,9.3,.206,4.1,-0.5,3.6,3.1,2013
Chris Paul,PG,27,LAC,70,2335,26.4,.594,.271,.377,2.8,10.5,6.7,46.5,3.8,0.4,13.7,22.6,10.6,3.4,13.9,.287,6.4,2.4,8.8,6.4,2013
Zach Randolph,PF,31,MEM,76,2607,17.9,.506,.022,.293,13.8,25.1,19.3,7.3,1.3,1.0,11.5,23.1,3.2,4.7,7.9,.145,1.0,-0.7,0.2,1.5,2013
Jeff Teague,PG,24,ATL,80,2628,16.8,.543,.255,.232,1.1,6.7,3.9,36.1,2.3,0.8,17.6,23.0,3.5,2.6,6.1,.111,0.9,-0.6,0.3,1.5,2013
Klay Thompson,SG,22,GSW,82,2936,12.7,.533,.437,.130,1.2,10.0,5.7,10.1,1.5,1.2,11.0,21.8,1.7,2.6,4.3,.070,-0.1,-0.2,-0.3,1.3,2013
Dwyane Wade,SG,31,MIA,69,2391,24.0,.571,.060,.389,4.7,12.6,8.9,26.6,2.8,1.9,13.2,29.5,6.1,3.5,9.6,.192,3.7,0.7,4.4,3.8,2013
Kemba Walker,PG,22,CHA,82,2859,18.8,.517,.267,.298,2.3,9.2,5.7,31.2,2.9,0.9,12.4,25.6,3.7,1.1,4.8,.080,2.2,-0.8,1.4,2.4,2013
John Wall,PG,22,WAS,49,1602,20.8,.521,.061,.416,2.4,11.2,6.8,43.9,2.1,1.8,15.3,29.3,2.2,2.2,4.5,.134,2.7,1.1,3.9,2.4,2013
Russell Westbrook,PG,24,OKC,82,2861,23.9,.532,.195,.375,4.8,11.8,8.6,38.4,2.6,0.6,13.2,32.8,7.7,3.9,11.6,.195,4.6,-0.2,4.4,4.6,2013
Deron Williams,PG,28,BRK,78,2842,20.3,.574,.398,.328,1.2,8.5,4.8,37.5,1.4,0.8,14.5,24.4,9.1,1.8,10.9,.184,4.5,-0.7,3.8,4.2,2013
LaMarcus Aldridge,PF,28,POR,69,2498,21.8,.507,.011,.253,7.2,25.5,16.5,13.0,1.3,1.9,7.2,29.8,4.0,3.5,7.5,.144,2.3,0.1,2.3,2.7,2014
Giannis Antetokounmpo,SF,19,MIL,77,1897,10.8,.518,.282,.483,4.6,16.3,10.2,12.1,1.7,2.6,19.4,15.0,0.1,1.1,1.2,.031,-2.4,-0.1,-2.5,-0.2,2014
Bradley Beal,SG,20,WAS,73,2530,14.3,.507,.299,.164,2.4,10.2,6.3,16.0,1.4,0.6,9.4,24.3,1.6,2.4,4.0,.076,0.3,-0.7,-0.4,1.0,2014
Jimmy Butler,SG,24,CHI,67,2591,13.5,.522,.346,.488,3.9,10.5,7.2,11.1,2.6,1.1,10.8,16.8,2.4,4.6,7.1,.131,-0.9,2.0,1.1,2.0,2014
Stephen Curry,PG,25,GSW,78,2846,24.1,.610,.445,.252,1.8,10.9,6.4,39.9,2.2,0.4,16.1,28.3,9.3,4.0,13.4,.225,6.3,1.1,7.4,6.7,2014
Anthony Davis,PF,20,NOP,67,2358,26.5,.582,.009,.438,10.0,23.3,16.6,8.0,2.0,6.7,8.3,25.2,7.2,3.2,10.4,.212,4.0,0.8,4.8,4.0,2014
DeMar DeRozan,SG,24,TOR,79,3017,18.4,.532,.149,.448,2.0,11.3,6.6,18.9,1.5,0.7,9.5,28.0,5.8,3.0,8.8,.141,1.9,-0.3,1.7,2.8,2014
Goran Dragic,SG,27,PHO,76,2668,21.4,.604,.274,.381,2.9,7.4,5.2,28.1,2.0,0.6,14.3,24.5,8.4,2.0,10.3,.186,4.1,-0.2,3.9,4.0,2014
Kevin Durant,SF,25,OKC,81,3122,29.8,.635,.291,.477,2.2,18.6,10.8,26.7,1.7,1.5,12.2,33.0,14.8,4.4,19.2,.295,8.8,1.4,10.2,9.6,2014
Marc Gasol,C,29,MEM,59,1970,18.2,.526,.015,.339,5.0,20.5,12.7,17.7,1.6,3.2,12.0,21.7,2.6,3.1,5.6,.137,1.1,2.0,3.0,2.5,2014
Pau Gasol,C,33,LAL,60,1884,19.3,.522,.016,.287,7.0,25.9,16.4,18.7,0.7,3.5,12.4,26.4,1.3,1.7,3.0,.076,1.0,0.2,1.2,1.5,2014
Paul George,SF,23,IND,80,2898,20.1,.555,.367,.341,2.6,17.7,10.5,17.9,2.7,0.6,12.5,28.3,4.4,6.4,10.8,.178,2.7,2.1,4.9,5.0,2014
Draymond Green,SF,23,GSW,82,1797,12.7,.498,.359,.268,5.3,19.3,12.4,11.9,2.8,3.0,15.1,14.8,0.7,3.8,4.5,.119,-1.7,3.6,1.9,1.8,2014
Blake Griffin,PF,24,LAC,80,2863,23.9,.583,.032,.496,7.7,21.2,14.7,19.2,1.6,1.4,11.9,29.0,8.1,4.1,12.2,.205,3.8,0.7,4.5,4.7,2014
James Harden,SG,24,HOU,73,2777,23.5,.618,.401,.552,2.6,10.7,6.9,27.3,2.1,0.8,15.0,27.8,10.1,2.7,12.8,.221,5.4,0.2,5.6,5.3,2014
Roy Hibbert,C,27,IND,81,2409,13.5,.499,.007,.357,9.9,15.0,12.5,6.2,0.6,5.7,14.5,19.4,0.5,5.0,5.4,.108,-2.9,1.5,-1.4,0.4,2014
Dwight Howard,C,28,HOU,71,2396,21.3,.600,.009,.798,11.4,27.9,20.1,9.3,1.2,4.0,17.5,24.0,4.0,4.1,8.0,.161,0.9,0.8,1.8,2.3,2014
Andre Iguodala,SF,30,GSW,63,2040,13.7,.570,.382,.288,2.9,12.6,7.8,18.2,2.3,0.7,16.2,13.3,2.7,3.1,5.8,.135,-0.1,2.4,2.3,2.2,2014
Kyrie Irving,PG,21,CLE,71,2496,20.1,.533,.278,.273,2.3,9.5,5.8,31.6,2.2,0.8,12.1,28.2,4.6,2.1,6.7,.128,3.6,-0.2,3.4,3.3,2014
LeBron James,PF,29,MIA,77,2902,29.3,.649,.226,.432,3.6,18.9,11.5,32.0,2.2,0.8,14.4,31.0,12.3,3.7,15.9,.264,7.8,1.1,8.8,7.9,2014
Joe Johnson,SG,32,BRK,79,2575,15.5,.564,.397,.192,2.2,10.3,6.3,15.0,1.0,0.3,9.8,22.3,3.9,1.0,4.9,.091,2.0,-1.8,0.2,1.4,2014
DeAndre Jordan,C,25,LAC,82,2870,18.2,.630,.000,.726,13.3,29.3,21.6,3.7,1.4,5.4,15.3,12.4,5.3,5.8,11.1,.186,0.9,1.6,2.5,3.3,2014
Kyle Korver,SG,32,ATL,71,2408,13.5,.653,.644,.154,1.1,12.4,6.8,13.3,1.5,0.8,13.6,14.2,3.9,2.0,5.9,.118,0.9,0.2,1.1,1.9,2014
David Lee,PF,30,GSW,69,2288,19.1,.566,.001,.302,8.8,21.6,15.3,10.9,1.0,0.9,12.0,24.3,4.1,3.5,7.6,.160,1.1,0.3,1.3,1.9,2014
Kawhi Leonard,SF,22,SAS,66,1923,19.4,.602,.282,.195,4.6,18.9,12.1,10.4,3.0,1.9,10.3,18.3,3.8,3.9,7.7,.193,2.1,3.0,5.1,3.5,2014
Damian Lillard,PG,23,POR,82,2937,18.6,.568,.425,.327,1.3,9.2,5.3,25.1,1.1,0.5,11.5,25.0,7.8,1.8,9.6,.157,3.8,-0.6,3.2,3.9,2014
Kevin Love,PF,25,MIN,77,2797,26.9,.591,.355,.445,8.5,29.5,18.7,21.4,1.0,1.0,10.3,28.8,10.6,3.7,14.3,.245,8.3,0.6,8.9,7.7,2014
Kyle Lowry,PG,27,TOR,79,2862,20.1,.567,.463,.356,3.6,11.5,7.5,34.7,2.2,0.4,13.4,22.9,8.4,3.3,11.7,.197,4.1,0.6,4.7,4.8,2014
Khris Middleton,SF,22,MIL,82,2460,12.5,.541,.340,.160,2.7,12.0,7.2,11.7,1.8,0.7,11.9,19.1,1.9,0.8,2.7,.053,-1.2,-1.1,-2.3,-0.2,2014
Paul Millsap,PF,28,ATL,74,2482,19.8,.545,.202,.373,7.2,21.9,14.6,16.2,2.6,2.5,13.2,25.7,2.7,4.0,6.7,.129,1.4,1.3,2.8,3.0,2014
Victor Oladipo,PG,21,ORL,80,2487,13.6,.514,.241,.340,1.9,13.1,7.5,21.9,2.7,1.2,19.2,24.4,-1.4,2.8,1.3,.026,-1.9,0.4,-1.4,0.3,2014
Tony Parker,PG,31,SAS,68,1997,18.9,.555,.073,.266,1.0,7.5,4.4,31.7,0.9,0.3,12.9,26.5,3.9,1.9,5.9,.141,2.0,-1.2,0.9,1.5,2014
Chris Paul,PG,28,LAC,62,2171,25.9,.580,.244,.397,2.0,11.4,6.9,48.9,3.5,0.1,12.4,23.7,9.0,3.2,12.2,.270,6.0,2.6,8.6,5.8,2014
Zach Randolph,PF,32,MEM,79,2705,18.3,.510,.017,.281,11.6,23.3,17.4,12.7,1.1,0.7,12.0,26.1,2.9,3.5,6.4,.113,0.8,-0.9,-0.1,1.3,2014
Jeff Teague,PG,25,ATL,79,2542,17.1,.541,.216,.362,1.6,7.9,4.7,35.1,1.8,0.5,16.1,25.7,3.3,1.9,5.2,.098,1.2,-1.3,-0.1,1.2,2014
Klay Thompson,SG,23,GSW,81,2868,14.3,.555,.425,.147,1.5,7.9,4.7,10.2,1.3,1.0,9.2,22.6,3.5,3.2,6.7,.112,0.9,-0.1,0.8,2.0,2014
Dwyane Wade,SG,32,MIA,54,1775,22.0,.588,.042,.339,4.4,12.3,8.5,25.5,2.3,1.4,15.5,27.9,3.5,2.0,5.5,.149,2.9,0.0,2.9,2.2,2014
Kemba Walker,PG,23,CHA,73,2614,16.8,.499,.286,.295,1.7,11.6,6.6,29.7,1.7,1.0,11.6,25.8,1.8,3.3,5.1,.093,1.4,0.3,1.7,2.4,2014
John Wall,PG,23,WAS,82,2980,19.5,.524,.230,.295,1.5,11.7,6.5,40.5,2.6,1.1,16.3,27.4,4.0,4.0,7.9,.128,2.4,0.4,2.7,3.6,2014
Deron Williams,PG,29,BRK,64,2059,17.6,.564,.374,.302,0.9,8.9,4.9,32.8,2.4,0.5,15.0,21.8,3.8,1.5,5.4,.125,1.9,-0.7,1.2,1.7,2014
LaMarcus Aldridge,PF,29,POR,71,2512,22.8,.528,.074,.256,7.7,22.9,15.5,9.2,1.0,1.9,7.2,30.2,4.9,3.7,8.6,.165,3.2,-0.3,2.9,3.1,2015
Giannis Antetokounmpo,SG,20,MIL,81,2541,14.8,.552,.056,.445,4.5,19.7,12.2,13.1,1.5,2.8,15.6,19.6,2.2,4.0,6.2,.117,-1.2,1.2,0.0,1.2,2015
Bradley Beal,SG,21,WAS,63,2107,14.0,.521,.304,.195,3.1,9.6,6.4,15.0,1.8,0.7,11.7,22.5,1.3,2.4,3.7,.085,-0.1,0.2,0.1,1.1,2015
Jimmy Butler,SG,25,CHI,65,2513,21.3,.583,.212,.508,5.1,11.2,8.2,14.4,2.3,1.0,7.7,21.6,8.2,3.0,11.2,.214,3.4,1.2,4.6,4.2,2015
Stephen Curry,PG,26,GSW,80,2613,28.0,.638,.482,.251,2.4,11.4,7.0,38.6,3.0,0.5,14.3,28.9,11.5,4.1,15.7,.288,8.2,1.7,9.9,7.9,2015
Anthony Davis,PF,21,NOP,68,2455,30.8,.591,.010,.384,8.0,24.1,16.1,11.6,2.1,6.2,6.3,27.8,9.9,4.2,14.0,.274,6.6,2.3,8.9,6.7,2015
DeMar DeRozan,SG,25,TOR,60,2100,17.4,.510,.089,.438,2.3,12.9,7.6,17.0,1.8,0.4,10.4,28.4,2.6,1.4,4.0,.090,0.5,-1.4,-0.9,0.6,2015
Goran Dragic,SG-PG,28,TOT,78,2640,17.4,.577,.258,.234,3.5,8.2,5.9,22.8,1.5,0.5,13.5,21.8,5.4,1.4,6.8,.123,1.6,-0.8,0.8,1.8,2015
Goran Dragic,SG,28,PHO,52,1735,16.7,.573,.274,.191,3.2,8.5,5.8,20.2,1.4,0.4,13.4,21.5,3.1,0.9,4.0,.111,1.1,-1.0,0.1,0.9,2015
Marc Gasol,C,30,MEM,81,2687,21.7,.558,.016,.410,4.9,21.8,13.4,19.7,1.4,4.0,12.2,24.6,5.5,4.7,10.2,.182,2.7,2.4,5.1,4.8,2015
Pau Gasol,PF,34,CHI,78,2681,22.7,.550,.023,.317,9.2,27.6,18.6,14.4,0.5,4.0,10.7,24.7,6.0,4.4,10.4,.187,2.9,0.6,3.5,3.7,2015
Draymond Green,PF,24,GSW,79,2490,16.4,.540,.430,.261,5.1,22.4,14.0,16.1,2.4,2.9,13.5,17.2,3.3,5.2,8.5,.163,0.7,2.8,3.5,3.5,2015
Blake Griffin,PF,25,LAC,67,2356,22.8,.551,.022,.373,6.1,17.9,12.1,26.2,1.4,1.2,10.2,28.4,6.6,2.4,9.0,.183,3.8,0.2,4.0,3.6,2015
James Harden,SG,25,HOU,81,2981,26.7,.605,.378,.561,2.8,14.2,8.5,34.6,2.6,1.6,14.9,31.3,12.2,4.2,16.4,.265,7.0,1.8,8.8,8.1,2015
Roy Hibbert,C,28,IND,76,1926,15.4,.501,.003,.287,9.0,21.9,15.5,7.4,0.5,5.1,11.8,21.3,1.0,3.2,4.2,.105,-1.8,0.6,-1.2,0.4,2015
Al Horford,C,28,ATL,76,2318,21.4,.563,.037,.146,6.7,19.8,13.4,18.6,1.5,3.5,8.9,22.2,5.1,3.6,8.7,.179,2.6,1.5,4.1,3.6,2015
Andre Iguodala,SF,31,GSW,77,2069,12.3,.553,.427,.230,2.4,10.8,6.7,14.6,2.1,0.9,13.9,13.3,2.3,2.8,5.1,.117,-0.4,1.4,0.9,1.5,2015
Kyrie Irving,PG,22,CLE,75,2730,21.5,.583,.306,.296,2.3,7.5,5.0,25.0,2.2,0.6,11.8,26.2,8.4,2.0,10.4,.183,4.4,-0.4,4.1,4.2,2015
LeBron James,SF,30,CLE,69,2493,25.9,.577,.265,.413,2.4,16.6,9.6,38.6,2.3,1.6,15.3,32.3,7.4,2.9,10.4,.199,6.1,1.0,7.1,5.7,2015
Joe Johnson,SG,33,BRK,80,2791,14.1,.523,.329,.172,2.1,13.3,7.7,17.1,1.1,0.4,11.1,20.3,2.6,1.5,4.1,.070,0.7,-0.8,-0.1,1.3,2015
DeAndre Jordan,C,26,LAC,82,2820,21.0,.638,.007,.882,16.2,32.4,24.5,3.2,1.5,5.4,12.8,13.6,7.4,5.4,12.8,.217,2.2,0.7,2.9,3.5,2015
Kyle Korver,SG,33,ATL,75,2418,14.8,.699,.748,.197,0.7,13.3,7.2,12.1,1.1,1.5,14.1,14.4,5.0,2.4,7.5,.148,2.4,0.4,2.8,3.0,2015
Kawhi Leonard,SF,23,SAS,64,2033,22.0,.567,.234,.307,4.8,20.6,12.9,13.0,3.7,1.8,9.4,23.0,4.2,4.4,8.6,.204,2.8,3.1,5.9,4.1,2015
Damian Lillard,PG,24,POR,82,2925,20.7,.560,.421,.293,1.8,11.8,6.9,29.0,1.7,0.5,12.6,26.9,7.3,3.3,10.6,.174,4.3,0.3,4.7,4.9,2015
Kevin Love,PF,26,CLE,75,2532,18.8,.562,.412,.337,6.5,26.3,16.6,10.7,1.0,1.2,10.0,21.7,5.8,2.9,8.7,.165,3.2,-0.4,2.7,3.0,2015
Kyle Lowry,PG,28,TOR,70,2414,19.3,.527,.375,.299,2.6,13.1,7.8,32.4,2.3,0.4,12.8,25.4,5.1,2.0,7.1,.141,3.2,-0.1,3.0,3.1,2015
Khris Middleton,SF,23,MIL,79,2378,15.6,.563,.308,.180,2.3,14.3,8.4,12.7,2.6,0.4,10.8,19.9,3.2,3.5,6.7,.135,0.5,1.1,1.6,2.2,2015
Paul Millsap,PF,29,ATL,73,2390,20.0,.565,.232,.362,6.9,20.0,13.6,15.4,2.8,2.4,13.3,23.8,4.0,4.3,8.3,.166,1.7,1.7,3.4,3.3,2015
Victor Oladipo,SG,22,ORL,72,2573,15.9,.527,.228,.295,2.2,11.2,6.6,19.3,2.4,0.6,14.3,25.2,1.5,2.0,3.5,.065,-0.1,-0.3,-0.4,1.1,2015
Tony Parker,PG,32,SAS,68,1953,15.9,.539,.107,.200,0.9,6.5,3.7,28.7,1.2,0.1,13.9,24.5,2.4,1.7,4.1,.100,0.1,-1.4,-1.3,0.3,2015
Chris Paul,PG,29,LAC,82,2857,26.0,.596,.298,.274,2.1,12.5,7.4,47.4,2.8,0.4,12.7,23.7,12.9,3.2,16.1,.270,6.4,1.6,8.0,7.2,2015
Zach Randolph,PF,33,MEM,71,2304,19.5,.538,.021,.320,11.2,25.8,18.5,11.4,1.6,0.5,12.8,24.3,3.4,3.8,7.2,.149,1.4,-0.1,1.3,1.9,2015
Rajon Rondo,PG,28,TOT,68,2018,13.5,.448,.133,.121,3.9,16.4,10.1,39.3,2.3,0.3,23.6,19.5,-0.7,2.3,1.6,.037,-1.1,0.3,-0.8,0.6,2015
Jeff Teague,PG,26,ATL,73,2228,20.6,.566,.233,.360,1.6,7.7,4.7,37.9,2.9,1.2,16.6,25.3,5.0,2.8,7.7,.166,2.7,0.3,2.9,2.8,2015
Klay Thompson,SG,24,GSW,77,2455,20.8,.591,.420,.197,1.2,9.4,5.4,14.6,1.7,1.8,9.5,27.6,5.7,3.1,8.8,.172,4.5,-0.1,4.4,4.0,2015
Dwyane Wade,SG,33,MIA,62,1971,21.4,.534,.094,.341,3.6,9.6,6.7,32.1,2.0,0.9,14.4,34.7,2.1,1.4,3.5,.086,3.5,-1.4,2.1,2.1,2015
Kemba Walker,PG,24,CHO,62,2119,17.6,.486,.285,.288,1.8,9.9,5.7,27.1,2.2,1.2,8.3,25.9,1.8,2.6,4.5,.101,1.7,0.6,2.3,2.3,2015
John Wall,PG,24,WAS,79,2837,19.9,.523,.186,.310,1.5,12.8,7.3,46.3,2.5,1.3,18.7,26.1,3.6,4.2,7.8,.132,2.6,1.0,3.6,4.0,2015
Russell Westbrook,PG,26,OKC,67,2302,29.1,.536,.196,.445,5.9,16.7,11.4,47.0,3.0,0.5,14.3,38.4,7.5,3.2,10.6,.222,6.9,1.2,8.1,5.8,2015
Deron Williams,PG,30,BRK,68,2114,15.7,.504,.307,.313,1.5,11.0,6.3,33.7,1.6,0.6,14.9,22.3,2.3,1.3,3.6,.083,1.1,-0.9,0.2,1.2,2015
LaMarcus Aldridge,PF,30,SAS,74,2261,22.4,.565,.015,.289,9.2,22.2,15.9,8.1,0.9,2.8,7.8,25.9,5.6,4.5,10.1,.215,2.0,0.3,2.3,2.5,2016
Giannis Antetokounmpo,PG,21,MIL,80,2823,18.8,.566,.108,.404,4.6,20.0,12.4,20.0,1.7,3.4,14.8,22.3,4.2,2.9,7.1,.121,1.3,0.7,2.1,2.9,2016
Bradley Beal,SG,22,WAS,55,1708,15.5,.547,.339,.220,2.6,9.8,6.2,15.6,1.5,0.5,11.3,25.3,1.4,1.3,2.7,.076,1.2,-0.9,0.3,1.0,2016
Jimmy Butler,SG,26,CHI,67,2474,21.3,.562,.198,.459,3.4,11.6,7.6,21.4,2.2,1.3,9.6,24.4,6.5,2.7,9.1,.177,3.2,1.2,4.4,3.9,2016
Stephen Curry,PG,27,GSW,79,2700,31.5,.669,.554,.250,2.9,13.6,8.6,33.7,3.0,0.4,12.9,32.6,13.8,4.1,17.9,.318,10.3,1.6,11.9,9.5,2016
Anthony Davis,C,22,NOP,61,2164,25.0,.559,.095,.379,6.4,26.4,16.1,10.0,1.8,4.7,8.4,29.6,4.4,2.8,7.2,.160,3.6,0.4,3.9,3.2,2016
DeMar DeRozan,SG,26,TOR,78,2804,21.5,.550,.101,.474,2.7,11.5,7.1,20.8,1.5,0.6,9.5,29.8,7.5,2.4,9.9,.169,3.2,-0.7,2.5,3.2,2016
Goran Dragic,PG,29,MIA,72,2363,15.5,.537,.234,.189,2.7,10.4,6.6,28.7,1.5,0.6,16.3,21.9,2.4,2.3,4.7,.096,0.1,-0.5,-0.4,1.0,2016
Kevin Durant,SF,27,OKC,72,2578,28.2,.634,.348,.361,2.0,21.8,12.4,24.2,1.3,2.5,13.5,30.6,11.0,3.5,14.5,.270,8.4,1.6,9.9,7.8,2016
Marc Gasol,C,31,MEM,52,1791,17.7,.528,.004,.347,3.5,20.2,11.5,18.9,1.4,3.6,12.7,23.4,1.8,1.9,3.7,.098,0.8,0.9,1.7,1.7,2016
Pau Gasol,C,35,CHI,72,2291,21.7,.529,.069,.290,7.3,28.7,18.2,21.7,0.9,4.7,12.8,24.6,3.2,3.9,7.1,.149,2.7,2.3,4.9,4.0,2016
Paul George,SF,25,IND,81,2819,20.9,.557,.391,.364,3.1,18.7,10.9,20.3,2.7,0.8,13.6,30.4,4.4,4.8,9.2,.157,3.7,1.2,4.9,4.9,2016
Draymond Green,PF,25,GSW,81,2808,19.3,.587,.315,.402,5.5,23.0,14.7,29.0,2.0,3.0,21.2,18.8,6.0,5.1,11.1,.190,2.6,2.9,5.5,5.3,2016
James Harden,SG,26,HOU,82,3125,25.3,.598,.406,.518,2.2,15.6,8.8,35.4,2.2,1.4,15.9,32.5,10.7,2.6,13.3,.204,6.4,0.2,6.6,6.8,2016
Roy Hibbert,C,29,LAL,81,1878,11.2,.507,.005,.353,7.3,15.8,11.4,8.0,0.9,4.6,13.8,12.9,1.1,1.0,2.2,.056,-3.5,0.2,-3.2,-0.6,2016
Jrue Holiday,PG,25,NOP,65,1831,19.7,.529,.277,.231,1.6,10.5,5.9,37.3,2.4,1.0,14.0,28.9,2.2,1.2,3.4,.089,2.7,-0.6,2.1,1.9,2016
Al Horford,C,29,ATL,82,2631,19.4,.565,.244,.123,6.3,18.2,12.4,16.7,1.3,3.6,8.8,20.6,4.9,4.5,9.4,.172,2.2,1.6,3.8,3.9,2016
Dwight Howard,C,30,HOU,71,2280,18.9,.604,.010,.790,11.4,29.1,20.2,7.0,1.5,4.1,17.0,18.4,3.5,3.1,6.6,.138,0.3,-0.2,0.1,1.2,2016
Andre Iguodala,SF,32,GSW,65,1732,12.2,.565,.418,.226,3.4,12.4,8.2,16.3,2.0,0.8,16.3,12.1,2.3,2.1,4.4,.122,-0.2,1.3,1.1,1.4,2016
Kyrie Irving,PG,23,CLE,53,1667,19.9,.540,.298,.217,3.0,7.6,5.3,26.6,1.7,0.9,11.4,29.5,3.2,1.7,5.0,.143,3.2,-0.8,2.3,1.8,2016
LeBron James,SF,31,CLE,76,2709,27.5,.588,.199,.347,4.7,18.8,11.8,36.0,2.0,1.5,13.2,31.4,9.6,4.0,13.6,.242,7.0,2.0,9.0,7.5,2016
Joe Johnson,SF,34,TOT,81,2703,12.0,.538,.364,.165,2.0,10.2,6.1,18.0,1.1,0.1,14.7,17.9,1.9,0.8,2.7,.048,-0.6,-1.3,-1.9,0.1,2016
Joe Johnson,SF,34,BRK,57,1934,10.7,.512,.377,.178,1.9,11.2,6.5,18.0,1.0,0.1,15.0,17.8,0.6,0.2,0.7,.018,-1.2,-1.4,-2.6,-0.3,2016
Nikola Jokic,C,20,DEN,80,1733,21.5,.582,.140,.317,11.4,24.7,17.9,18.1,2.3,2.3,13.2,19.9,4.5,2.2,6.7,.185,2.6,1.3,3.9,2.6,2016
DeAndre Jordan,C,27,LAC,77,2598,20.6,.628,.002,1.219,11.4,32.7,22.2,5.3,1.0,5.4,12.1,15.4,6.0,5.5,11.5,.213,1.5,1.3,2.8,3.2,2016
Kyle Korver,SG,34,ATL,80,2401,9.7,.578,.644,.088,0.7,10.9,5.9,9.9,1.2,1.1,13.3,13.7,1.2,2.9,4.1,.082,-1.5,0.6,-1.0,0.6,2016
Kawhi Leonard,SF,24,SAS,72,2380,26.0,.616,.267,.306,4.7,18.4,11.8,13.0,2.8,2.3,7.8,25.8,8.3,5.5,13.7,.277,6.1,3.0,9.1,6.7,2016
Damian Lillard,PG,25,POR,75,2676,22.2,.560,.414,.315,1.8,10.4,6.1,33.6,1.2,0.8,12.6,31.3,7.7,1.4,9.2,.165,5.7,-1.3,4.4,4.3,2016
Kevin Love,PF,27,CLE,77,2424,19.0,.553,.449,.321,7.0,28.4,17.8,12.2,1.2,1.4,11.3,23.4,4.7,3.8,8.5,.169,3.0,0.3,3.3,3.3,2016
Kyle Lowry,PG,29,TOR,77,2851,22.2,.578,.457,.410,2.2,12.3,7.3,29.9,2.9,1.0,13.7,26.1,8.0,3.7,11.6,.196,4.7,1.1,5.8,5.7,2016
Khris Middleton,SG,24,MIL,79,2852,16.8,.560,.316,.273,1.8,10.2,6.0,18.9,2.3,0.6,12.3,23.0,4.3,1.8,6.1,.103,1.2,-0.5,0.6,1.9,2016
Paul Millsap,PF,30,ATL,81,2647,21.3,.556,.218,.383,8.4,21.5,15.1,16.4,2.7,4.1,13.3,24.3,4.1,6.0,10.1,.183,1.5,2.7,4.2,4.1,2016
Victor Oladipo,SG,23,ORL,72,2379,16.7,.534,.291,.255,2.2,14.0,8.0,18.6,2.4,1.9,12.4,22.9,2.2,2.7,4.9,.099,0.9,0.9,1.7,2.3,2016
Tony Parker,PG,33,SAS,72,1980,16.2,.546,.092,.241,1.0,8.8,5.1,29.1,1.4,0.4,14.3,21.2,2.9,2.9,5.8,.142,0.2,0.2,0.4,1.2,2016
Chris Paul,PG,30,LAC,74,2420,26.2,.575,.295,.294,1.8,12.0,7.0,52.7,3.1,0.4,13.4,27.1,9.2,3.5,12.7,.253,5.9,2.0,7.9,6.0,2016
Zach Randolph,PF,34,MEM,68,2016,18.3,.519,.029,.238,9.7,20.7,15.0,12.9,1.1,0.6,9.5,24.6,2.8,1.5,4.3,.103,1.4,-1.7,-0.3,0.9,2016
Rajon Rondo,PG,29,SAC,72,2537,16.9,.506,.217,.192,3.3,15.2,9.3,48.0,2.7,0.3,24.7,18.8,2.3,2.3,4.6,.087,1.0,0.0,1.0,1.9,2016
Jeff Teague,PG,27,ATL,79,2255,17.9,.551,.278,.316,1.6,8.6,5.2,34.4,2.1,0.8,16.2,26.6,2.8,3.0,5.9,.125,1.5,-0.2,1.3,1.9,2016
Klay Thompson,SG,25,GSW,80,2666,18.6,.597,.469,.159,1.5,10.3,6.2,9.8,1.1,1.4,8.5,26.3,5.5,2.6,8.0,.144,3.4,-1.6,1.8,2.5,2016
Dwyane Wade,SG,34,MIA,74,2258,20.3,.517,.037,.343,4.3,10.7,7.6,27.4,1.8,1.4,13.0,31.6,2.4,2.6,4.9,.105,2.3,-0.4,1.9,2.2,2016
Kemba Walker,PG,25,CHO,81,2885,20.8,.554,.368,.329,2.1,11.5,6.8,25.7,2.2,1.1,10.1,26.5,6.3,3.6,9.9,.165,3.5,0.5,4.0,4.3,2016
John Wall,PG,25,WAS,77,2784,19.8,.510,.243,.255,1.7,13.8,7.6,46.2,2.5,1.7,17.5,28.6,2.2,3.5,5.7,.098,3.1,0.4,3.5,3.9,2016
Russell Westbrook,PG,27,OKC,80,2750,27.6,.554,.236,.397,6.1,18.1,12.4,49.6,2.9,0.6,16.8,31.6,10.0,4.0,14.0,.245,6.4,1.4,7.8,6.8,2016
Deron Williams,PG,31,DAL,65,2106,14.6,.530,.364,.266,1.0,8.9,5.0,29.3,1.5,0.6,14.8,22.0,2.2,1.4,3.7,.083,0.4,-0.7,-0.3,0.9,2016
LaMarcus Aldridge,PF,31,SAS,72,2335,18.6,.532,.053,.258,8.5,16.6,12.7,9.9,1.0,3.0,7.7,24.5,3.5,3.7,7.2,.149,0.7,0.1,0.8,1.7,2017
Giannis Antetokounmpo,SF,22,MIL,80,2845,26.1,.599,.143,.486,5.9,22.6,14.3,26.6,2.3,4.7,13.3,28.3,7.9,4.5,12.4,.210,4.9,2.4,7.3,6.7,2017
Bradley Beal,SG,23,WAS,77,2684,20.1,.604,.418,.259,2.2,7.8,5.0,16.2,1.5,0.7,9.6,26.5,6.9,1.6,8.5,.152,4.2,-1.0,3.3,3.5,2017
Jimmy Butler,SF,27,CHI,76,2809,25.1,.586,.198,.540,4.9,13.2,9.0,24.8,2.6,0.9,9.3,26.5,10.1,3.8,13.8,.236,5.6,1.7,7.3,6.6,2017
Stephen Curry,PG,28,GSW,79,2638,24.6,.624,.547,.251,2.7,11.4,7.3,31.2,2.6,0.5,13.0,30.1,8.7,3.9,12.6,.229,6.7,0.3,6.9,5.9,2017
Anthony Davis,C,23,NOP,75,2708,27.5,.580,.088,.424,6.7,27.9,17.2,11.1,1.7,5.1,9.1,32.6,5.9,5.1,11.0,.195,4.4,1.4,5.9,5.4,2017
DeMar DeRozan,SG,27,TOR,74,2620,24.0,.552,.080,.419,3.0,13.6,8.3,20.6,1.5,0.4,9.0,34.3,6.7,2.4,9.0,.166,4.1,-1.0,3.0,3.3,2017
Goran Dragic,PG,30,MIA,73,2459,19.8,.575,.257,.335,2.8,9.9,6.3,29.0,1.8,0.4,14.1,27.1,5.0,2.6,7.5,.147,2.7,-0.1,2.6,2.9,2017
Kevin Durant,PF,28,GSW,62,2070,27.6,.651,.304,.374,2.2,23.6,13.6,23.1,1.5,3.8,10.4,27.8,8.0,4.0,12.0,.278,6.7,2.2,8.9,5.7,2017
Marc Gasol,C,32,MEM,74,2531,20.3,.554,.231,.286,2.6,18.8,10.5,24.8,1.4,3.7,11.3,26.4,4.2,3.5,7.7,.145,3.8,1.4,5.2,4.6,2017
Pau Gasol,C,36,SAS,64,1627,20.2,.578,.172,.305,7.6,26.8,17.4,14.7,0.8,3.5,10.6,21.3,3.3,3.1,6.4,.190,2.6,1.5,4.0,2.5,2017
Paul George,SF,26,IND,75,2689,20.2,.587,.368,.277,2.5,17.9,10.3,16.1,2.2,0.9,12.7,28.9,3.9,3.1,7.1,.126,3.0,0.1,3.1,3.4,2017
Draymond Green,PF,26,GSW,76,2471,16.5,.522,.405,.328,4.7,20.9,13.3,27.6,3.0,3.4,19.8,16.2,2.8,5.4,8.2,.160,1.0,3.9,4.9,4.3,2017
Blake Griffin,PF,27,LAC,61,2076,22.6,.569,.116,.434,6.2,20.2,13.4,24.5,1.4,0.9,10.9,28.0,5.4,2.4,7.7,.179,4.2,0.5,4.7,3.5,2017
James Harden,PG,27,HOU,81,2947,27.4,.613,.493,.575,3.5,20.9,12.2,50.7,2.0,1.0,19.5,34.2,11.5,3.6,15.0,.245,7.5,1.2,8.7,8.0,2017
Jrue Holiday,PG,26,NOP,67,2190,17.1,.532,.315,.188,2.2,10.6,6.4,35.9,2.2,1.6,16.7,23.5,1.3,2.6,3.8,.084,1.0,0.2,1.3,1.8,2017
Al Horford,C,30,BOS,68,2193,17.7,.553,.302,.169,4.9,18.6,11.8,24.4,1.2,3.2,11.8,19.7,3.6,2.7,6.3,.138,2.3,1.1,3.4,3.0,2017
Dwight Howard,C,31,ATL,74,2199,20.8,.627,.003,.692,15.0,31.7,23.5,7.8,1.4,3.6,17.5,19.2,3.8,4.5,8.3,.181,0.6,0.8,1.4,1.9,2017
Andre Iguodala,SF,33,GSW,76,1998,14.3,.624,.427,.246,3.0,13.1,8.3,16.7,1.8,1.5,11.2,11.2,4.1,2.9,6.9,.167,0.8,1.7,2.5,2.3,2017
Kyrie Irving,PG,24,CLE,72,2525,23.0,.580,.311,.231,2.3,7.5,5.0,29.7,1.6,0.8,10.3,30.8,7.4,1.5,8.9,.170,4.7,-1.3,3.4,3.4,2017
LeBron James,SF,32,CLE,74,2794,27.0,.619,.254,.395,4.0,20.7,12.6,41.3,1.6,1.3,16.1,30.0,9.8,3.0,12.9,.221,6.4,1.2,7.6,6.7,2017
Joe Johnson,SF,35,UTA,78,1843,12.8,.542,.412,.123,2.1,12.8,7.6,12.6,1.0,0.8,9.5,18.5,1.7,2.1,3.8,.099,0.4,0.1,0.4,1.1,2017
Nikola Jokic,C,21,DEN,73,2038,26.3,.640,.163,.267,11.6,27.2,19.5,28.8,1.5,2.1,15.2,23.5,7.7,2.0,9.7,.228,5.9,1.4,7.3,4.8,2017
DeAndre Jordan,C,28,LAC,81,2570,21.8,.673,.003,.737,13.3,34.6,24.2,5.7,1.0,4.3,13.1,15.3,7.2,4.6,11.8,.221,2.5,0.9,3.3,3.5,2017
Kyle Korver,SG,35,TOT,67,1753,12.1,.635,.697,.082,0.5,11.0,5.8,9.4,1.0,1.0,11.5,15.2,2.3,1.3,3.7,.100,0.5,-0.5,0.0,0.9,2017
Kawhi Leonard,SF,25,SAS,74,2474,27.6,.610,.295,.406,3.7,15.7,9.8,18.9,2.7,1.8,9.1,31.1,8.9,4.7,13.6,.264,7.1,2.2,9.4,7.1,2017
Damian Lillard,PG,26,POR,75,2694,24.1,.586,.389,.366,1.9,13.3,7.6,28.7,1.3,0.6,10.2,31.5,8.8,1.5,10.4,.185,6.1,-1.1,5.0,4.8,2017
Kevin Love,PF,28,CLE,60,1885,21.1,.573,.449,.340,8.9,29.3,19.5,9.8,1.4,0.9,10.9,26.4,4.0,2.4,6.4,.163,3.3,-1.2,2.1,1.9,2017
Kyle Lowry,PG,30,TOR,60,2244,22.9,.623,.510,.398,2.4,12.0,7.2,29.9,2.0,0.7,13.8,24.9,7.8,2.3,10.1,.216,5.8,0.4,6.1,4.6,2017
Paul Millsap,PF,31,ATL,69,2343,17.9,.542,.248,.417,5.3,19.5,12.5,17.9,1.9,2.3,12.1,24.4,2.6,3.8,6.4,.132,0.8,1.3,2.1,2.4,2017
Victor Oladipo,SG,24,OKC,67,2222,13.6,.534,.378,.165,1.9,12.6,7.2,12.5,1.7,0.8,10.6,21.4,1.7,2.3,4.0,.085,-0.3,-0.1,-0.5,0.8,2017
Tony Parker,PG,34,SAS,63,1587,13.0,.514,.121,.206,0.7,7.3,4.0,27.8,1.1,0.1,12.5,20.2,1.4,1.7,3.0,.092,-1.6,-0.9,-2.6,-0.2,2017
Chris Paul,PG,31,LAC,61,1921,26.2,.614,.385,.331,2.4,15.0,8.8,46.8,3.1,0.3,14.0,24.4,7.9,2.6,10.6,.264,6.3,2.5,8.7,5.2,2017
Zach Randolph,PF,35,MEM,73,1786,18.5,.490,.098,.200,11.3,27.4,19.2,13.5,1.1,0.5,8.6,29.2,0.8,2.4,3.2,.086,1.0,-1.6,-0.5,0.7,2017
Rajon Rondo,PG,30,CHI,69,1843,13.6,.461,.237,.089,4.2,16.6,10.4,37.0,2.7,0.5,22.5,17.8,-0.4,2.7,2.3,.060,-1.6,1.0,-0.5,0.7,2017
Jeff Teague,PG,28,IND,82,2657,19.2,.574,.277,.457,1.4,12.4,7.0,36.4,1.9,1.1,16.5,22.1,5.7,2.4,8.1,.146,2.3,-0.1,2.2,2.8,2017
Klay Thompson,SG,26,GSW,78,2649,17.4,.592,.470,.158,2.2,9.2,5.9,9.3,1.2,1.2,8.0,26.1,4.2,2.9,7.1,.129,2.4,-1.6,0.8,1.9,2017
Dwyane Wade,SG,35,CHI,60,1792,18.5,.508,.152,.294,3.8,12.6,8.1,22.3,2.4,1.8,11.3,29.6,0.9,2.5,3.4,.090,1.6,0.9,2.5,2.1,2017
Kemba Walker,PG,26,CHO,79,2739,21.3,.569,.415,.248,1.8,10.6,6.2,29.1,1.6,0.7,9.5,29.2,5.9,2.2,8.1,.142,4.9,-0.8,4.1,4.2,2017
John Wall,PG,26,WAS,78,2836,23.2,.541,.190,.367,2.4,10.6,6.5,46.9,2.7,1.4,16.2,30.6,5.8,3.0,8.8,.149,4.6,0.1,4.7,4.8,2017
Russell Westbrook,PG,28,OKC,81,2802,30.6,.554,.300,.433,5.4,28.8,17.1,57.3,2.3,0.9,15.9,41.7,8.5,4.6,13.1,.224,8.7,2.4,11.1,9.3,2017
Deron Williams,PG,32,TOT,64,1657,14.0,.541,.390,.182,0.9,9.4,5.1,35.9,1.0,0.4,17.6,22.1,1.5,0.9,2.4,.069,0.0,-1.8,-1.8,0.1,2017
LaMarcus Aldridge,C,32,SAS,75,2509,25.0,.570,.068,.296,10.8,17.3,14.0,11.3,0.9,3.0,6.8,29.1,7.4,3.5,10.9,.209,4.3,-0.4,3.9,3.7,2018
Giannis Antetokounmpo,PF,23,MIL,75,2756,27.3,.598,.100,.457,6.7,25.3,16.0,23.7,2.0,3.3,11.7,31.2,8.3,3.6,11.9,.207,5.3,0.9,6.2,5.7,2018
Bradley Beal,SG,24,WAS,82,2977,18.4,.564,.357,.249,2.3,11.5,6.9,21.0,1.6,1.1,11.5,27.6,4.4,2.5,6.9,.111,2.9,-0.7,2.2,3.1,2018
Jimmy Butler,SG,28,MIN,59,2164,23.7,.590,.217,.461,4.2,12.7,8.4,20.6,2.7,1.0,8.9,24.9,7.1,1.8,8.9,.198,5.0,0.7,5.8,4.2,2018
Stephen Curry,PG,29,GSW,51,1631,28.2,.675,.580,.350,2.7,14.4,9.0,30.3,2.4,0.4,13.3,31.0,7.2,1.9,9.1,.267,7.8,0.0,7.7,4.0,2018
Anthony Davis,PF,24,NOP,75,2727,28.9,.612,.111,.409,7.7,24.8,16.5,10.8,2.0,5.6,8.6,30.0,8.8,4.9,13.7,.241,5.3,1.4,6.7,5.9,2018
DeMar DeRozan,SG,28,TOR,80,2711,21.0,.555,.203,.396,2.5,10.4,6.5,25.0,1.5,0.6,9.5,29.6,6.8,2.8,9.6,.170,3.3,-0.6,2.8,3.2,2018
Goran Dragic,PG,31,MIA,75,2378,16.6,.543,.279,.252,2.5,11.9,7.2,25.4,1.3,0.4,12.2,25.7,2.9,2.3,5.3,.106,0.9,-0.6,0.3,1.4,2018
Kevin Durant,SF,29,GSW,68,2325,26.0,.640,.338,.331,1.6,19.5,11.2,25.5,1.0,4.0,12.9,30.4,7.5,2.9,10.4,.215,6.7,0.6,7.3,5.5,2018
Joel Embiid,C,23,PHI,63,1912,22.9,.573,.203,.442,8.4,29.7,19.4,18.0,1.0,4.8,15.6,33.4,2.3,3.8,6.2,.155,2.0,1.3,3.3,2.6,2018
Marc Gasol,C,33,MEM,73,2408,17.4,.532,.310,.326,3.7,25.3,14.2,21.7,1.1,3.9,14.1,25.6,1.5,2.6,4.0,.080,1.7,0.6,2.3,2.7,2018
Pau Gasol,C,37,SAS,77,1812,18.9,.539,.191,.333,7.8,30.2,19.0,20.1,0.7,3.6,13.1,20.4,2.7,3.3,6.0,.159,1.5,1.9,3.4,2.5,2018
Paul George,SF,27,OKC,79,2891,18.7,.570,.454,.307,2.7,14.9,8.6,14.5,2.8,1.2,12.2,25.7,5.0,3.9,8.9,.147,2.3,0.6,2.9,3.6,2018
Draymond Green,PF,27,GSW,70,2287,16.1,.556,.414,.279,3.9,21.1,13.1,29.0,2.0,3.1,22.5,17.2,2.6,3.4,6.1,.127,0.9,1.9,2.8,2.8,2018
Blake Griffin,PF,28,TOT,58,1970,19.6,.544,.323,.331,4.1,19.8,12.0,28.1,1.0,0.8,12.6,28.9,3.2,1.8,4.9,.120,3.6,-0.2,3.4,2.7,2018
James Harden,SG,28,HOU,72,2551,29.8,.619,.498,.502,1.8,15.2,8.6,45.1,2.4,1.7,15.1,36.1,11.6,3.8,15.4,.289,8.5,1.4,9.9,7.7,2018
Jrue Holiday,SG,27,NOP,81,2927,17.8,.570,.286,.191,2.4,10.8,6.8,24.9,2.0,1.7,13.6,23.1,4.2,2.9,7.1,.116,1.3,0.3,1.6,2.7,2018
Al Horford,C,31,BOS,72,2277,17.6,.575,.300,.159,5.0,20.2,12.7,23.6,0.9,2.9,14.1,18.4,4.0,3.8,7.8,.165,2.4,2.0,4.4,3.7,2018
Dwight Howard,C,32,CHO,81,2463,20.5,.577,.008,.639,11.0,33.8,22.2,7.1,1.0,4.4,15.1,24.2,2.9,3.9,6.8,.132,-0.3,0.1,-0.1,1.2,2018
Andre Iguodala,SF,34,GSW,64,1622,11.2,.536,.366,.272,3.7,12.6,8.5,16.2,1.6,1.9,15.8,11.5,1.6,1.6,3.2,.094,-1.1,0.8,-0.3,0.7,2018
Kyrie Irving,PG,25,BOS,60,1931,25.0,.610,.374,.240,1.9,10.8,6.4,30.7,1.7,0.7,10.4,31.0,6.3,2.7,8.9,.222,6.4,0.9,7.3,4.5,2018
LeBron James,PF,33,CLE,82,3026,28.6,.621,.257,.336,3.7,22.3,13.1,44.4,1.9,2.0,16.1,31.6,11.0,3.0,14.0,.221,7.3,1.4,8.7,8.2,2018
Nikola Jokic,C,22,DEN,75,2443,24.4,.603,.277,.310,9.0,27.9,18.5,29.6,1.8,2.1,15.5,24.2,7.8,2.9,10.7,.211,5.3,1.6,6.9,5.5,2018
DeAndre Jordan,C,29,LAC,77,2424,20.2,.648,.000,.540,15.1,37.6,26.5,7.1,0.8,2.4,16.1,15.2,6.0,3.4,9.4,.186,1.7,-0.3,1.4,2.1,2018
Kyle Korver,SG,36,CLE,73,1574,13.4,.652,.777,.149,0.7,10.9,5.9,8.0,1.0,1.5,9.6,16.0,2.8,0.6,3.4,.104,1.5,-1.2,0.2,0.9,2018
Damian Lillard,PG,27,POR,73,2670,25.2,.594,.445,.380,2.6,10.6,6.6,30.9,1.4,0.8,11.1,30.6,9.9,2.7,12.6,.227,7.0,0.3,7.2,6.3,2018
Kevin Love,C,29,CLE,59,1651,22.4,.614,.453,.365,7.0,29.8,18.6,9.8,1.3,1.2,9.6,25.1,4.7,1.6,6.4,.185,4.5,-1.3,3.3,2.2,2018
Kyle Lowry,PG,31,TOR,78,2510,19.5,.598,.631,.276,3.0,16.1,9.7,30.9,1.7,0.6,14.7,21.7,7.0,3.1,10.2,.194,4.7,0.5,5.2,4.5,2018
Khris Middleton,SF,26,MIL,82,2982,17.4,.577,.320,.285,1.8,15.0,8.4,17.7,2.0,0.6,11.8,24.6,4.6,2.3,6.9,.111,0.8,-0.8,0.0,1.5,2018
Victor Oladipo,SG,25,IND,75,2552,23.1,.577,.323,.274,2.1,15.1,8.6,21.2,3.5,2.0,12.7,30.1,4.3,4.0,8.2,.155,4.1,1.7,5.8,5.0,2018
Chris Paul,PG,32,HOU,58,1847,24.4,.604,.475,.277,2.3,16.7,9.5,40.9,2.6,0.6,12.5,24.5,7.5,2.7,10.2,.265,5.2,1.8,7.1,4.2,2018
Zach Randolph,PF,36,SAC,59,1508,17.3,.529,.193,.140,7.0,23.7,15.0,14.9,1.4,0.6,12.5,27.6,0.3,1.2,1.5,.048,0.5,-1.5,-1.0,0.4,2018
Rajon Rondo,PG,31,NOP,65,1705,15.3,.522,.304,.093,2.0,14.2,8.4,42.2,2.0,0.5,22.7,16.9,1.9,1.7,3.6,.101,0.0,-0.4,-0.3,0.7,2018
Ben Simmons,PG,21,PHI,81,2732,20.0,.557,.011,.342,5.9,19.5,13.0,37.4,2.5,2.1,19.5,22.3,4.2,5.0,9.2,.162,2.0,2.5,4.5,4.5,2018
Jeff Teague,PG,29,MIN,70,2311,16.4,.553,.287,.301,1.2,9.3,5.2,30.6,2.2,0.9,16.4,20.6,3.4,1.4,4.9,.101,1.1,-0.7,0.4,1.4,2018
Klay Thompson,SG,27,GSW,73,2506,16.0,.598,.442,.083,1.5,10.3,6.2,11.2,1.1,1.1,9.5,23.7,3.1,1.8,4.9,.094,1.7,-2.1,-0.4,1.0,2018
Dwyane Wade,SG,36,TOT,67,1536,15.0,.500,.163,.277,3.7,14.6,9.2,23.5,2.0,2.6,15.5,26.2,-0.4,1.6,1.1,.036,-0.9,-0.1,-1.0,0.4,2018
Kemba Walker,PG,27,CHO,80,2736,20.6,.572,.441,.308,1.2,8.7,4.9,27.4,1.6,0.7,10.4,27.4,6.5,2.0,8.6,.150,4.7,-0.7,4.0,4.2,2018
Russell Westbrook,PG,29,OKC,80,2914,24.7,.524,.193,.336,5.6,25.7,15.3,49.8,2.5,0.6,16.4,34.1,5.5,4.5,10.1,.166,4.8,1.5,6.3,6.1,2018
LaMarcus Aldridge,C,33,SAS,81,2687,22.9,.576,.032,.312,10.3,19.8,15.1,11.6,0.8,3.4,8.8,26.9,6.4,2.9,9.3,.167,2.4,-0.6,1.8,2.6,2019
Giannis Antetokounmpo,PF,24,MIL,72,2358,30.9,.644,.163,.550,7.3,30.0,19.3,30.3,1.8,3.9,14.8,32.3,8.9,5.5,14.4,.292,6.3,4.1,10.4,7.4,2019
Bradley Beal,SG,25,WAS,82,3028,20.8,.581,.370,.278,3.1,11.7,7.4,24.1,1.9,1.6,11.0,28.4,5.9,1.7,7.6,.120,3.8,-0.8,2.9,3.7,2019
Jimmy Butler,SF-SG,29,TOT,65,2185,20.2,.571,.213,.404,6.0,10.5,8.3,18.0,2.7,1.4,8.2,22.3,5.4,2.5,7.9,.173,2.8,0.9,3.7,3.2,2019
Jimmy Butler,SF,29,PHI,55,1824,19.8,.569,.198,.407,6.3,10.4,8.4,18.0,2.6,1.2,8.4,22.1,4.4,2.1,6.6,.172,2.4,0.7,3.1,2.4,2019
Stephen Curry,PG,30,GSW,69,2331,24.4,.641,.604,.214,2.2,14.2,8.4,24.2,1.9,0.9,11.6,30.4,7.2,2.5,9.7,.199,7.1,-0.5,6.6,5.1,2019
Anthony Davis,C,25,NOP,56,1850,30.3,.597,.141,.422,9.9,27.5,18.8,19.0,2.2,6.0,8.4,29.5,6.4,3.1,9.5,.247,7.1,2.3,9.4,5.3,2019
DeMar DeRozan,SG,29,SAS,77,2688,19.6,.542,.034,.336,2.2,16.4,9.4,27.6,1.6,1.1,11.7,27.9,3.6,2.6,6.3,.112,1.0,0.1,1.1,2.2,2019
Kevin Durant,SF,30,GSW,78,2702,24.2,.631,.281,.366,1.4,17.5,9.8,26.2,1.0,2.6,12.3,29.0,8.6,2.9,11.5,.204,5.4,0.1,5.5,5.1,2019
Joel Embiid,C,24,PHI,64,2154,26.1,.593,.219,.541,8.1,34.0,21.4,18.4,1.0,4.4,13.2,33.3,4.9,3.8,8.7,.194,4.0,0.9,4.9,3.8,2019
Marc Gasol,C,34,TOT,79,2436,16.7,.546,.314,.291,3.6,25.1,14.3,22.2,1.7,3.2,13.6,20.7,2.0,4.0,6.0,.118,0.8,2.3,3.1,3.1,2019
Marc Gasol,C,34,MEM,53,1788,16.9,.541,.324,.294,3.5,25.5,14.3,22.6,1.7,3.3,13.4,22.3,1.0,2.8,3.9,.104,1.1,2.1,3.2,2.3,2019
Paul George,SF,28,OKC,77,2841,23.3,.583,.469,.335,3.7,19.6,11.4,17.7,2.8,1.0,10.0,29.5,7.0,4.9,11.9,.201,5.6,1.6,7.2,6.6,2019
Draymond Green,PF,28,GSW,66,2065,12.9,.526,.391,.216,3.2,20.8,12.4,26.8,2.2,2.8,26.8,13.1,1.1,3.2,4.3,.100,-1.3,2.7,1.4,1.8,2019
Blake Griffin,PF,29,DET,75,2622,21.0,.581,.389,.410,4.0,20.1,11.8,27.1,1.0,0.9,13.8,30.2,5.1,2.9,8.0,.147,4.9,0.2,5.1,4.7,2019
James Harden,PG,29,HOU,78,2867,30.6,.616,.539,.449,2.5,17.8,10.0,39.5,2.7,1.7,14.5,40.5,11.4,3.8,15.2,.254,9.4,1.6,11.0,9.3,2019
Jrue Holiday,SG,28,NOP,67,2402,19.4,.555,.313,.234,3.3,11.0,7.2,31.8,2.1,1.8,14.1,25.4,3.5,1.9,5.4,.108,3.1,-0.1,3.0,3.1,2019
Al Horford,C,32,BOS,68,1973,20.2,.605,.281,.131,6.5,18.3,12.4,21.2,1.4,3.9,11.8,18.9,4.5,2.9,7.5,.181,3.3,1.9,5.1,3.6,2019
Andre Iguodala,SF,35,GSW,68,1578,13.1,.587,.477,.222,3.4,13.2,8.5,16.8,1.8,2.7,13.6,10.4,2.4,1.8,4.2,.129,0.1,1.7,1.8,1.5,2019
Kyrie Irving,PG,26,BOS,67,2214,24.3,.592,.350,.197,3.4,12.7,8.1,35.0,2.2,1.4,11.3,29.6,6.2,2.9,9.1,.197,6.0,1.1,7.2,5.1,2019
LeBron James,SF,34,LAL,55,1937,25.6,.588,.299,.382,3.1,21.3,12.4,39.4,1.7,1.4,13.3,31.6,4.7,2.6,7.2,.179,6.4,1.7,8.0,4.9,2019
Nikola Jokic,C,23,DEN,80,2504,26.3,.589,.224,.292,9.8,27.6,18.7,37.0,2.1,1.9,15.4,27.4,7.5,4.3,11.8,.226,6.2,2.9,9.1,7.0,2019
DeAndre Jordan,C,30,TOT,69,2047,19.0,.674,.000,.592,11.7,35.2,23.5,11.6,1.0,3.0,21.4,15.0,4.0,3.1,7.1,.167,0.8,1.3,2.1,2.1,2019
DeAndre Jordan,C,30,DAL,50,1554,18.0,.672,.000,.613,11.2,35.9,23.6,9.5,1.0,2.9,21.3,14.4,2.7,2.5,5.3,.162,0.4,1.3,1.7,1.4,2019
Kawhi Leonard,SF,27,TOR,60,2040,25.8,.606,.267,.377,4.2,18.6,11.6,16.4,2.5,1.0,8.4,30.3,6.1,3.4,9.5,.224,6.1,1.1,7.2,4.7,2019
Damian Lillard,PG,28,POR,80,2838,23.7,.588,.419,.335,2.6,11.1,7.0,30.6,1.5,1.0,10.8,29.3,9.7,2.4,12.1,.205,6.6,-0.3,6.4,6.0,2019
Kyle Lowry,PG,32,TOR,65,2213,16.5,.562,.613,.263,2.1,12.9,7.6,34.8,2.0,1.2,18.1,19.6,3.6,3.0,6.6,.144,1.7,0.6,2.3,2.4,2019
Khris Middleton,SF,27,MIL,77,2393,16.5,.558,.413,.225,2.3,16.5,9.8,20.1,1.6,0.2,12.1,25.1,2.5,3.6,6.1,.123,0.7,0.1,0.8,1.7,2019
Paul Millsap,PF,33,DEN,70,1895,17.9,.570,.239,.374,8.7,20.2,14.4,10.6,2.2,2.5,10.9,19.6,3.2,2.9,6.1,.155,0.7,1.0,1.7,1.8,2019
Chris Paul,PG,33,HOU,58,1857,19.7,.560,.493,.282,2.1,13.9,7.9,39.3,3.0,0.8,15.8,22.5,4.4,2.2,6.6,.172,2.7,1.1,3.9,2.8,2019
Ben Simmons,PG,22,PHI,79,2700,20.0,.582,.006,.446,6.9,20.0,13.7,34.2,2.0,1.8,19.3,22.1,4.6,3.6,8.2,.146,2.2,1.3,3.6,3.8,2019
Klay Thompson,SG,28,GSW,78,2652,16.6,.571,.427,.113,1.6,10.1,6.0,10.5,1.5,1.5,7.2,25.6,2.9,2.3,5.3,.095,1.1,-1.4,-0.3,1.2,2019
Dwyane Wade,SG,37,MIA,72,1885,15.8,.510,.272,.243,3.9,12.2,8.0,26.5,1.5,1.8,13.5,27.9,0.1,2.3,2.4,.061,0.8,-0.2,0.6,1.2,2019
Kemba Walker,PG,28,CHO,82,2863,21.7,.558,.434,.267,1.9,11.9,6.8,29.4,1.7,1.0,10.1,31.5,5.5,1.9,7.4,.123,5.2,-1.0,4.2,4.4,2019
Russell Westbrook,PG,30,OKC,73,2630,21.1,.501,.279,.306,4.1,28.3,15.8,46.5,2.5,1.1,16.3,30.9,1.8,5.0,6.8,.124,2.8,2.4,5.2,4.7,2019
LaMarcus Aldridge,C,34,SAS,53,1754,19.7,.571,.198,.241,6.3,17.8,12.0,11.4,1.0,4.4,7.8,23.4,3.0,1.4,4.5,.122,1.8,-0.5,1.4,1.5,2020
Giannis Antetokounmpo,PF,25,MIL,63,1917,31.9,.613,.237,.508,7.7,34.8,22.1,34.2,1.5,3.0,13.2,37.5,6.1,5.0,11.1,.279,7.4,4.1,11.5,6.6,2020
Bradley Beal,SG,26,WAS,57,2053,23.2,.579,.369,.351,2.7,10.5,6.4,29.5,1.6,1.0,11.4,34.4,4.5,0.6,5.1,.118,5.3,-2.4,2.9,2.5,2020
Jimmy Butler,SF,30,MIA,58,1959,23.6,.585,.157,.693,6.3,15.4,11.0,28.1,2.6,1.6,11.4,25.1,6.3,2.7,9.0,.221,4.0,1.5,5.4,3.7,2020
Anthony Davis,PF,26,LAL,62,2131,27.4,.610,.199,.479,7.4,22.1,14.8,15.1,2.0,6.0,10.4,29.3,6.7,4.4,11.1,.250,5.4,2.6,8.0,5.4,2020
DeMar DeRozan,SF,30,SAS,68,2316,21.6,.603,.033,.430,2.0,15.4,8.7,26.1,1.4,0.8,11.6,26.3,5.9,1.3,7.3,.151,2.3,-0.4,1.9,2.3,2020
Goran Dragic,PG,33,MIA,59,1663,16.3,.573,.467,.340,2.0,10.2,6.3,29.2,1.2,0.6,14.8,25.9,2.2,1.3,3.5,.102,1.4,-1.6,-0.1,0.8,2020
Joel Embiid,C,25,PHI,51,1506,25.8,.590,.215,.543,10.3,33.2,21.7,16.9,1.4,3.7,13.8,32.9,3.3,2.7,6.0,.192,3.7,1.0,4.7,2.5,2020
Paul George,SF,29,LAC,48,1419,21.1,.589,.487,.277,1.8,17.7,10.0,21.1,2.3,1.2,12.5,29.6,2.5,2.3,4.8,.161,3.8,1.1,4.9,2.5,2020
James Harden,SG,30,HOU,68,2483,29.1,.626,.557,.528,2.9,16.0,9.4,35.9,2.3,2.1,14.2,36.3,9.9,3.2,13.1,.254,8.1,1.6,9.6,7.3,2020
Jrue Holiday,SG,29,NOP,61,2117,17.0,.537,.344,.181,3.8,10.9,7.3,29.1,2.2,1.9,14.5,24.5,2.0,1.9,3.9,.088,1.6,0.2,1.8,2.0,2020
Al Horford,C,33,PHI,67,2025,15.7,.536,.399,.113,5.6,19.3,12.4,19.2,1.2,2.6,9.7,17.5,2.8,2.6,5.4,.128,1.3,1.0,2.2,2.2,2020
Dwight Howard,C,34,LAL,69,1306,18.7,.696,.018,.773,14.6,27.8,21.2,4.8,1.1,5.4,18.5,14.7,2.8,2.6,5.4,.197,-1.0,1.2,0.2,0.7,2020
LeBron James,PG,35,LAL,67,2316,25.5,.577,.326,.292,3.2,21.5,12.4,49.1,1.6,1.4,15.1,31.5,6.2,3.6,9.8,.204,6.6,1.8,8.4,6.1,2020
Nikola Jokic,C,24,DEN,73,2336,24.9,.605,.238,.281,8.0,26.1,17.1,35.2,1.8,1.7,15.8,26.6,6.7,3.1,9.8,.202,5.5,2.0,7.4,5.5,2020
Kawhi Leonard,SF,28,LAC,57,1848,26.9,.589,.287,.355,3.1,19.1,11.3,26.4,2.6,1.6,10.2,33.0,5.4,3.3,8.7,.226,6.5,2.4,8.9,5.1,2020
Damian Lillard,PG,29,POR,66,2474,26.9,.627,.500,.384,1.4,10.5,6.0,34.4,1.3,0.8,11.0,30.3,10.9,0.7,11.6,.225,8.3,-0.9,7.5,5.9,2020
Kevin Love,PF,31,CLE,56,1780,17.9,.599,.536,.301,3.3,31.1,17.1,15.4,0.9,0.9,14.5,23.1,2.5,1.3,3.8,.101,2.6,-0.5,2.0,1.8,2020
Kyle Lowry,PG,33,TOR,58,2098,17.7,.590,.580,.427,1.6,12.8,7.3,30.6,1.9,1.2,15.7,23.1,4.2,3.3,7.5,.171,2.2,1.0,3.2,2.8,2020
Khris Middleton,SF,28,MIL,62,1853,21.1,.619,.374,.240,2.5,17.0,10.2,22.2,1.3,0.3,11.6,26.4,4.6,3.3,7.9,.205,3.4,0.7,4.1,2.9,2020
Chris Paul,PG,34,OKC,70,2208,21.7,.610,.343,.315,1.3,15.7,8.7,34.0,2.4,0.4,13.8,23.3,5.9,3.0,8.9,.193,3.0,1.4,4.4,3.5,2020
Ben Simmons,PG,23,PHI,57,2017,20.4,.602,.011,.461,6.2,18.2,12.2,33.8,2.9,1.4,20.4,20.9,3.8,3.1,6.9,.165,1.3,2.3,3.6,2.8,2020
Jeff Teague,PG,31,TOT,59,1464,14.6,.557,.239,.403,1.9,8.6,5.2,30.7,1.4,1.1,16.8,19.5,1.9,0.6,2.5,.082,-0.2,-1.3,-1.5,0.2,2020
Kemba Walker,PG,29,BOS,56,1742,20.0,.575,.532,.272,2.2,11.0,6.7,24.2,1.3,1.5,10.5,27.2,3.9,2.0,5.9,.162,4.9,-0.3,4.6,2.9,2020
Russell Westbrook,PG,31,HOU,57,2049,21.0,.536,.166,.297,5.1,18.1,11.5,35.6,2.1,0.8,15.0,34.4,1.7,2.5,4.2,.098,1.6,-0.1,1.5,1.8,2020
Giannis Antetokounmpo,PF,26,MIL,61,2013,29.2,.633,.201,.528,5.3,28.9,17.5,28.7,1.7,3.2,13.2,32.5,6.9,3.3,10.2,.244,6.2,2.8,9.0,5.6,2021
Bradley Beal,SG,27,WAS,60,2147,22.7,.593,.270,.332,3.6,10.4,7.0,21.3,1.5,0.9,10.6,34.1,4.2,1.7,5.9,.132,4.8,-1.4,3.4,2.9,2021
Jimmy Butler,SF,31,MIA,52,1745,26.5,.607,.139,.565,6.3,17.1,11.8,35.1,3.1,1.1,10.6,26.6,6.6,2.7,9.3,.255,5.4,2.3,7.7,4.3,2021
Stephen Curry,PG,32,GSW,63,2152,26.3,.655,.587,.289,1.5,15.4,8.5,30.5,1.7,0.3,12.2,34.8,6.5,2.5,9.0,.201,8.3,0.4,8.7,5.8,2021
DeMar DeRozan,PF,31,SAS,61,2056,22.0,.591,.080,.478,2.0,11.6,6.7,32.0,1.3,0.6,9.7,26.1,5.9,1.5,7.4,.172,3.2,-0.1,3.1,2.6,2021
Goran Dragic,PG,34,MIA,50,1337,13.0,.552,.440,.220,2.2,12.1,7.2,25.9,1.2,0.6,16.2,24.5,0.2,1.2,1.3,.048,-1.1,-1.3,-2.3,-0.1,2021
Joel Embiid,C,26,PHI,51,1585,30.3,.636,.171,.610,8.0,29.1,18.7,16.2,1.5,3.9,12.2,35.3,5.6,3.2,8.8,.266,6.3,1.2,7.5,3.8,2021
Paul George,SF,30,LAC,54,1821,20.5,.598,.437,.239,2.9,18.9,11.1,24.6,1.7,1.2,14.5,30.0,3.0,2.3,5.3,.139,3.9,0.3,4.2,2.9,2021
Draymond Green,PF,30,GSW,63,1982,13.3,.530,.332,.232,3.0,20.9,12.1,36.4,2.5,2.3,31.0,13.1,1.2,3.4,4.6,.112,-1.6,3.3,1.7,1.9,2021
James Harden,PG,31,TOT,44,1609,24.5,.618,.455,.440,2.5,20.6,11.9,44.4,1.6,1.8,16.8,28.4,5.3,1.7,7.0,.208,6.2,1.0,7.2,3.7,2021
James Harden,PG,31,BRK,36,1319,25.0,.619,.437,.439,2.6,22.1,12.9,43.8,1.7,1.8,16.7,28.4,4.5,1.5,6.0,.219,6.4,1.3,7.7,3.2,2021
Jrue Holiday,PG,30,MIL,59,1907,20.0,.592,.344,.165,4.2,10.4,7.4,26.3,2.4,1.7,12.6,22.2,4.3,2.2,6.6,.165,2.8,0.6,3.4,2.6,2021
Andre Iguodala,SF,37,MIA,63,1339,9.2,.519,.734,.153,3.3,15.4,9.4,14.3,2.1,2.7,20.2,11.2,-0.1,1.8,1.7,.062,-2.2,1.8,-0.4,0.5,2021
Kyrie Irving,PG,28,BRK,54,1886,24.4,.614,.348,.201,3.2,11.4,7.5,28.6,1.9,1.7,9.9,30.4,5.8,1.6,7.4,.189,5.7,-0.2,5.5,3.6,2021
LeBron James,PG,36,LAL,45,1504,24.2,.602,.346,.310,2.2,23.6,12.9,41.8,1.6,1.5,15.2,31.9,3.0,2.6,5.6,.179,5.9,2.3,8.1,3.8,2021
Nikola Jokic,C,25,DEN,72,2488,31.3,.647,.183,.305,9.4,26.1,17.8,40.4,1.9,1.9,13.1,29.6,12.2,3.4,15.6,.301,9.1,3.0,12.1,8.8,2021
Kawhi Leonard,SF,29,LAC,52,1773,26.0,.622,.280,.325,3.6,17.4,10.7,24.9,2.3,1.1,9.2,28.6,6.4,2.4,8.8,.238,6.0,1.3,7.3,4.2,2021
Damian Lillard,PG,30,POR,67,2398,25.6,.623,.528,.363,1.4,11.5,6.3,34.6,1.3,0.6,11.6,31.4,9.6,0.8,10.4,.209,7.5,-1.3,6.3,5.0,2021
Kyle Lowry,PG,34,TOR,46,1601,16.5,.593,.555,.268,2.3,15.1,8.5,31.8,1.4,0.9,15.9,21.4,2.9,1.3,4.1,.124,2.0,-0.4,1.6,1.5,2021
Khris Middleton,SF,29,MIL,68,2269,18.2,.588,.340,.220,2.6,15.7,9.4,23.2,1.5,0.4,13.1,25.0,4.1,2.2,6.4,.135,1.7,-0.3,1.3,1.9,2021
Chris Paul,PG,35,PHO,70,2199,21.4,.599,.294,.206,1.3,14.5,8.0,40.9,2.2,0.8,14.0,22.6,6.5,2.7,9.2,.201,3.5,1.1,4.6,3.6,2021
Ben Simmons,PG,24,PHI,58,1877,18.3,.584,.017,.492,5.6,18.7,12.2,31.3,2.4,1.7,19.6,20.2,2.7,3.3,6.0,.153,0.7,2.2,2.9,2.3,2021
Kemba Walker,PG,30,BOS,43,1369,17.7,.559,.522,.220,1.3,12.6,6.9,23.8,1.7,0.8,10.6,26.1,2.1,1.1,3.3,.115,2.8,-0.7,2.1,1.4,2021
Russell Westbrook,PG,32,WAS,65,2369,19.5,.509,.221,.334,4.9,28.6,16.8,48.6,1.7,0.8,18.0,30.2,0.5,3.2,3.7,.075,2.6,1.1,3.7,3.4,2021
Giannis Antetokounmpo,PF,27,MIL,67,2204,32.1,.633,.194,.615,6.6,30.4,18.7,31.7,1.6,4.0,12.2,34.9,9.2,3.7,12.9,.281,7.6,3.5,11.2,7.4,2022
Jimmy Butler,SF,32,MIA,57,1931,23.6,.592,.140,.549,6.1,13.5,9.9,26.4,2.4,1.5,10.5,26.5,6.2,2.9,9.2,.228,4.5,1.9,6.3,4.0,2022
Stephen Curry,PG,33,GSW,64,2211,21.4,.601,.613,.243,1.7,14.4,8.3,30.4,1.9,1.0,13.2,30.8,4.6,3.4,8.0,.173,5.4,0.4,5.8,4.4,2022
DeMar DeRozan,PF,32,CHI,76,2743,23.1,.590,.093,.386,2.3,13.7,8.0,23.3,1.2,0.8,9.2,31.8,7.0,1.8,8.8,.154,3.4,-0.9,2.5,3.1,2022
Kevin Durant,PF,33,BRK,55,2047,25.6,.634,.269,.367,1.6,19.6,10.8,29.1,1.1,2.3,12.9,31.2,6.4,2.0,8.4,.198,6.4,0.7,7.2,4.8,2022
Joel Embiid,C,27,PHI,68,2297,31.2,.616,.188,.602,7.2,31.1,19.4,23.5,1.7,3.9,11.3,37.2,7.9,4.1,12.0,.252,7.2,2.0,9.2,6.5,2022
James Harden,PG,32,TOT,65,2419,20.9,.583,.452,.540,2.6,19.7,11.3,40.3,1.7,1.3,18.8,27.2,4.9,2.7,7.6,.152,3.7,0.3,4.0,3.7,2022
James Harden,PG,32,BRK,44,1627,20.4,.576,.435,.496,2.9,20.2,11.7,39.7,1.7,1.7,19.8,28.3,2.6,1.8,4.4,.130,3.7,0.4,4.1,2.5,2022
Jrue Holiday,PG,31,MIL,67,2207,19.8,.593,.336,.189,3.4,10.9,7.2,31.8,2.4,1.3,15.0,23.5,4.5,2.4,6.9,.150,2.9,0.3,3.2,2.9,2022
Al Horford,C,35,BOS,69,2005,16.7,.574,.466,.167,6.0,22.2,14.3,16.4,1.2,4.2,9.6,14.8,3.7,3.8,7.6,.181,1.4,2.9,4.3,3.2,2022
LeBron James,C,37,LAL,56,2084,26.2,.619,.367,.275,3.3,20.4,11.8,30.6,1.7,2.5,12.5,32.3,5.2,2.3,7.5,.172,6.9,0.8,7.7,5.1,2022
Nikola Jokic,C,26,DEN,74,2476,32.8,.661,.220,.357,9.6,35.5,23.0,42.6,2.2,2.3,15.6,31.9,10.8,4.5,15.2,.296,9.2,4.5,13.7,9.8,2022
Kevin Love,C,33,CLE,74,1665,19.6,.594,.627,.260,5.9,29.2,17.8,15.3,0.8,1.0,10.4,25.1,3.2,2.5,5.7,.164,4.4,0.1,4.5,2.7,2022
Kyle Lowry,PG,35,MIA,63,2133,15.0,.600,.609,.278,1.8,13.0,7.5,32.3,1.6,0.8,19.3,18.2,3.7,2.7,6.4,.143,1.1,0.8,2.0,2.1,2022
Khris Middleton,SF,30,MIL,66,2141,18.1,.577,.425,.285,2.1,15.3,8.8,25.5,1.7,0.8,14.2,26.7,3.2,2.2,5.3,.119,1.9,-0.3,1.6,1.9,2022
Chris Paul,PG,36,PHO,65,2139,20.8,.581,.270,.274,1.1,12.8,7.1,44.5,2.7,0.8,15.6,19.7,5.8,3.6,9.4,.210,3.1,2.3,5.4,4.0,2022
Russell Westbrook,PG,33,LAL,78,2678,15.0,.512,.215,.324,4.4,18.8,11.6,31.6,1.3,0.7,17.3,27.3,-0.6,2.3,1.7,.030,-0.7,-0.9,-1.6,0.2,2022
