Player,Pos,Age,Tm,G,GS,MP,FG,FGA,FG%,3P,3PA,3P%,2P,2PA,2P%,eFG%,FT,FTA,FT%,ORB,DRB,TRB,AST,STL,BLK,TOV,PF,PTS,Year
Jimmy Butler,SG,22,CHI,3,0,1.3,0.0,0.0,,0.0,0.0,,0.0,0.0,,,0.0,0.0,,0.0,0.0,0.0,0.0,0.0,0.0,0.0,0.3,0.0,2012
Kevin Durant,SF,23,OKC,20,20,41.9,9.9,19.2,.517,2.1,5.5,.373,7.9,13.7,.575,.570,6.7,7.7,.864,0.7,6.8,7.4,3.7,1.5,1.2,3.2,2.6,28.5,2012
Marc Gasol,C,27,MEM,7,7,37.3,5.1,9.9,.522,0.0,0.1,.000,5.1,9.7,.529,.522,4.9,6.1,.791,2.3,4.4,6.7,3.1,0.3,1.9,1.9,3.6,15.1,2012
Pau Gasol,PF,31,LAL,12,12,37.0,5.2,11.9,.434,0.2,0.4,.400,5.0,11.5,.435,.441,2.0,2.4,.828,3.2,6.3,9.5,3.7,0.5,2.1,1.7,3.0,12.5,2012
Paul George,SG,21,IND,11,11,33.7,3.4,8.6,.389,1.0,3.7,.268,2.4,4.9,.481,.447,2.0,2.5,.786,1.4,5.3,6.6,2.4,1.6,0.4,1.9,2.9,9.7,2012
Blake Griffin,PF,22,LAC,11,11,35.7,7.6,15.3,.500,0.0,0.1,.000,7.6,15.2,.503,.500,3.8,6.0,.636,1.7,5.2,6.9,2.5,1.8,0.9,2.3,3.7,19.1,2012
James Harden,SG,22,OKC,20,0,31.5,4.7,10.7,.435,1.6,3.9,.410,3.1,6.8,.449,.509,5.4,6.3,.857,0.7,4.5,5.1,3.4,1.6,0.1,2.1,3.4,16.3,2012
Roy Hibbert,C,25,IND,11,11,30.9,4.7,9.5,.500,0.1,0.1,1.000,4.6,9.4,.495,.505,2.2,3.3,.667,4.1,7.1,11.2,1.1,0.4,3.1,2.0,3.5,11.7,2012
Jrue Holiday,PG,21,PHI,13,13,38.0,5.7,13.8,.413,1.5,3.8,.408,4.2,10.0,.415,.469,2.9,3.4,.864,1.3,3.4,4.7,5.2,1.5,0.6,2.0,1.8,15.8,2012
Al Horford,C,25,ATL,3,2,36.0,6.7,11.3,.588,0.0,0.0,,6.7,11.3,.588,.588,2.0,2.7,.750,1.7,6.7,8.3,2.7,1.3,1.3,4.0,3.7,15.3,2012
Andre Iguodala,SF,28,PHI,13,13,38.8,4.5,11.6,.384,1.5,3.8,.388,3.0,7.8,.382,.447,2.5,4.3,.589,1.3,4.4,5.7,3.7,1.5,0.4,1.5,2.5,12.9,2012
LeBron James,SF,27,MIA,23,23,42.7,10.9,21.8,.500,1.0,3.7,.259,10.0,18.1,.549,.522,7.5,10.2,.739,2.3,7.4,9.7,5.6,1.9,0.7,3.5,2.0,30.3,2012
Joe Johnson,SG,30,ATL,6,6,40.5,6.3,17.0,.373,1.5,6.0,.250,4.8,11.0,.439,.417,3.0,4.0,.750,1.0,2.5,3.5,3.5,1.3,0.2,2.7,1.8,17.2,2012
DeAndre Jordan,C,23,LAC,11,11,22.6,1.9,3.6,.525,0.0,0.0,,1.9,3.6,.525,.525,0.7,2.2,.333,1.6,3.6,5.3,0.4,0.6,1.6,0.6,1.8,4.5,2012
Kyle Korver,SG,30,CHI,6,0,15.7,1.5,3.7,.409,0.7,2.2,.308,0.8,1.5,.556,.500,0.2,0.3,.500,0.2,1.5,1.7,1.5,0.5,0.5,0.8,1.7,3.8,2012
Kawhi Leonard,SF,20,SAS,14,14,27.1,3.2,6.4,.500,1.3,2.9,.450,1.9,3.6,.540,.600,0.9,1.1,.813,1.3,4.6,5.9,0.6,1.2,0.4,0.9,1.6,8.6,2012
Paul Millsap,PF,26,UTA,4,4,34.8,5.0,13.5,.370,0.0,0.8,.000,5.0,12.8,.392,.370,2.0,4.0,.500,4.3,6.8,11.0,0.5,0.3,2.5,2.3,2.8,12.0,2012
Tony Parker,PG,29,SAS,14,14,36.1,7.3,16.1,.453,0.5,1.5,.333,6.8,14.6,.466,.469,5.1,6.3,.807,0.6,3.0,3.6,6.8,0.9,0.0,3.1,1.6,20.1,2012
Chris Paul,PG,26,LAC,11,11,38.5,6.4,14.9,.427,1.2,3.5,.333,5.2,11.4,.456,.466,3.7,4.3,.872,0.5,4.5,5.1,7.9,2.7,0.1,3.9,2.7,17.6,2012
Zach Randolph,PF,30,MEM,7,7,35.4,5.3,12.6,.420,0.0,0.6,.000,5.3,12.0,.440,.420,3.1,5.0,.629,3.9,6.0,9.9,0.9,1.0,0.6,1.6,3.6,13.7,2012
Rajon Rondo,PG,25,BOS,19,19,42.6,7.4,15.8,.468,0.4,1.6,.267,7.0,14.3,.491,.482,2.1,2.9,.696,1.8,4.9,6.7,11.9,2.4,0.1,3.8,2.1,17.3,2012
Jeff Teague,PG,23,ATL,6,6,37.5,5.0,12.2,.411,1.2,2.8,.412,3.8,9.3,.411,.459,2.8,3.2,.895,0.7,3.0,3.7,4.2,0.8,0.8,1.7,3.0,14.0,2012
Dwyane Wade,SG,30,MIA,23,23,39.4,8.6,18.5,.462,0.4,1.5,.294,8.1,17.0,.477,.474,5.3,7.2,.729,1.4,3.8,5.2,4.3,1.7,1.3,3.0,2.8,22.8,2012
Russell Westbrook,PG,23,OKC,20,20,38.4,8.9,20.4,.435,0.9,3.3,.277,8.0,17.1,.465,.457,4.5,5.6,.802,1.1,4.4,5.5,5.9,1.6,0.4,2.3,2.5,23.1,2012
Jimmy Butler,SF,23,CHI,12,12,40.8,4.2,9.6,.435,1.3,3.1,.405,2.9,6.5,.449,.500,3.8,4.6,.818,0.8,4.4,5.2,2.7,1.3,0.5,1.3,2.2,13.3,2013
Stephen Curry,PG,24,GSW,12,12,41.4,8.5,19.6,.434,3.5,8.8,.396,5.0,10.8,.465,.523,2.9,3.2,.921,0.4,3.4,3.8,8.1,1.7,0.2,3.3,2.9,23.4,2013
Kevin Durant,SF,24,OKC,11,11,44.1,10.2,22.4,.455,2.0,6.4,.314,8.2,16.0,.511,.500,8.5,10.2,.830,0.6,8.4,9.0,6.3,1.3,1.1,3.9,2.4,30.8,2013
Marc Gasol,C,28,MEM,15,15,40.6,6.2,13.7,.454,0.0,0.0,,6.2,13.7,.454,.454,4.8,6.0,.800,1.7,6.8,8.5,3.2,0.9,2.2,1.2,3.5,17.2,2013
Pau Gasol,PF,32,LAL,4,4,36.5,6.3,13.0,.481,0.0,0.0,,6.3,13.0,.481,.481,1.5,2.8,.545,1.8,9.8,11.5,6.5,0.5,0.8,3.3,1.0,14.0,2013
Paul George,SF,22,IND,19,19,41.1,6.3,14.6,.430,1.8,5.5,.327,4.5,9.1,.491,.491,4.9,6.7,.727,0.8,6.6,7.4,5.1,1.3,0.5,3.9,3.8,19.2,2013
Draymond Green,SF,22,GSW,12,1,18.6,2.0,4.7,.429,0.8,1.9,.391,1.3,2.8,.455,.509,1.1,1.4,.765,1.2,3.1,4.3,1.6,0.5,0.8,1.0,2.9,5.8,2013
Blake Griffin,PF,23,LAC,6,5,26.3,4.8,10.7,.453,0.0,0.0,,4.8,10.7,.453,.453,3.5,4.3,.808,1.3,4.2,5.5,2.5,0.0,0.8,2.2,4.0,13.2,2013
James Harden,SG,23,HOU,6,6,40.5,7.5,19.2,.391,2.5,7.3,.341,5.0,11.8,.423,.457,8.8,11.0,.803,0.8,5.8,6.7,4.5,2.0,1.0,4.5,3.0,26.3,2013
Roy Hibbert,C,26,IND,19,19,36.5,6.3,12.4,.511,0.0,0.0,,6.3,12.4,.511,.511,4.4,5.4,.806,4.7,5.2,9.9,1.4,0.2,1.9,2.3,3.9,17.0,2013
Al Horford,C,26,ATL,6,6,36.3,6.8,13.8,.494,0.0,0.0,,6.8,13.8,.494,.494,3.0,4.5,.667,2.0,6.8,8.8,3.0,1.0,0.8,1.5,2.8,16.7,2013
Dwight Howard,C,27,LAL,4,4,31.5,6.5,10.5,.619,0.0,0.0,,6.5,10.5,.619,.619,4.0,9.0,.444,2.5,8.3,10.8,1.0,0.5,2.0,4.0,4.3,17.0,2013
Andre Iguodala,SG,29,DEN,6,6,40.5,6.3,12.7,.500,2.3,4.8,.483,4.0,7.8,.511,.592,3.0,4.2,.720,1.5,6.5,8.0,5.3,2.0,0.3,2.8,1.5,18.0,2013
LeBron James,PF,28,MIA,23,23,41.7,9.2,18.8,.491,1.6,4.2,.375,7.7,14.6,.524,.532,5.9,7.6,.777,1.6,6.8,8.4,6.6,1.8,0.8,3.0,1.9,25.9,2013
Joe Johnson,SG,31,BRK,7,7,38.7,6.1,14.7,.417,1.4,5.6,.256,4.7,9.1,.516,.466,1.1,1.3,.889,0.6,2.6,3.1,2.7,1.1,0.0,1.7,1.9,14.9,2013
DeAndre Jordan,C,24,LAC,6,6,24.0,1.7,3.7,.455,0.0,0.0,,1.7,3.7,.455,.455,0.3,1.5,.222,2.5,3.8,6.3,0.2,0.2,1.7,1.5,3.0,3.7,2013
Kyle Korver,SF,31,ATL,6,2,29.5,3.2,8.2,.388,2.0,5.7,.353,1.2,2.5,.467,.510,1.8,2.0,.917,0.0,3.3,3.3,0.7,0.3,0.7,1.0,2.3,10.2,2013
David Lee,PF,29,GSW,6,1,10.8,2.2,5.5,.394,0.0,0.0,,2.2,5.5,.394,.394,0.7,1.0,.667,1.0,3.7,4.7,0.8,0.5,0.2,0.8,0.8,5.0,2013
Kawhi Leonard,SF,21,SAS,21,21,36.9,5.5,10.0,.545,1.1,2.8,.390,4.4,7.2,.605,.600,1.5,2.3,.633,2.4,6.7,9.0,1.0,1.8,0.5,1.1,1.9,13.5,2013
Tony Parker,PG,30,SAS,21,21,36.4,8.0,17.4,.458,0.5,1.5,.355,7.4,15.9,.467,.473,4.1,5.3,.777,0.7,2.6,3.2,7.0,1.1,0.1,2.5,1.2,20.6,2013
Chris Paul,PG,27,LAC,6,6,37.3,8.2,15.3,.533,1.0,3.2,.316,7.2,12.2,.589,.565,5.5,6.2,.892,0.5,3.5,4.0,6.3,1.8,0.0,1.5,2.8,22.8,2013
Zach Randolph,PF,31,MEM,15,15,36.9,6.6,14.3,.460,0.0,0.1,.000,6.6,14.3,.463,.460,4.2,6.3,.670,3.9,6.1,10.0,1.6,0.7,0.5,2.1,3.5,17.4,2013
Jeff Teague,PG,24,ATL,6,6,35.5,4.5,13.5,.333,0.5,1.7,.300,4.0,11.8,.338,.352,3.8,4.7,.821,0.5,2.3,2.8,5.0,1.5,0.3,2.3,2.8,13.3,2013
Klay Thompson,SG,22,GSW,12,12,41.3,6.3,14.5,.437,2.1,4.9,.424,4.3,9.6,.443,.509,0.4,0.5,.833,0.8,3.8,4.6,1.8,1.0,0.6,2.0,3.7,15.2,2013
Dwyane Wade,SG,31,MIA,22,22,35.5,6.5,14.3,.457,0.0,0.2,.250,6.5,14.1,.460,.459,2.7,3.6,.750,1.7,2.9,4.6,4.8,1.7,1.0,2.6,2.0,15.9,2013
Russell Westbrook,PG,24,OKC,2,2,34.0,8.5,20.5,.415,1.0,4.5,.222,7.5,16.0,.469,.439,6.0,7.0,.857,0.5,6.0,6.5,7.0,3.0,0.0,4.0,2.5,24.0,2013
Deron Williams,PG,28,BRK,7,7,41.7,6.4,15.1,.425,2.4,6.1,.395,4.0,9.0,.444,.505,5.3,6.4,.822,0.1,3.0,3.1,8.4,1.0,0.6,3.0,2.4,20.6,2013
LaMarcus Aldridge,PF,28,POR,11,11,40.1,10.3,22.7,.452,0.2,0.3,.667,10.1,22.5,.449,.456,5.5,6.8,.800,2.7,7.9,10.6,1.5,0.6,1.6,1.7,3.6,26.2,2014
Bradley Beal,SG,20,WAS,11,11,41.6,6.8,16.1,.424,2.0,4.8,.415,4.8,11.3,.427,.486,3.5,4.5,.796,1.4,3.6,5.0,4.5,1.6,0.6,2.1,2.8,19.2,2014
Jimmy Butler,SG,24,CHI,5,5,43.6,4.4,11.4,.386,1.2,4.0,.300,3.2,7.4,.432,.439,3.6,4.6,.783,1.2,4.0,5.2,2.2,1.2,0.0,0.6,2.6,13.6,2014
Stephen Curry,PG,25,GSW,7,7,42.3,7.3,16.6,.440,3.1,8.1,.386,4.1,8.4,.492,.534,5.3,6.0,.881,0.6,3.0,3.6,8.4,1.7,0.1,3.7,2.6,23.0,2014
DeMar DeRozan,SG,24,TOR,7,7,40.3,6.4,16.7,.385,0.9,2.6,.333,5.6,14.1,.394,.410,10.1,11.3,.899,0.4,3.7,4.1,3.6,1.1,0.3,2.6,3.3,23.9,2014
Kevin Durant,SF,25,OKC,19,19,42.9,10.2,22.2,.460,2.3,6.6,.344,7.9,15.6,.508,.511,6.9,8.6,.810,1.3,7.6,8.9,3.9,1.0,1.3,3.8,2.2,29.6,2014
Marc Gasol,C,29,MEM,7,7,42.7,6.7,16.6,.405,0.0,0.1,.000,6.7,16.4,.409,.405,3.9,4.9,.794,1.9,5.9,7.7,4.4,1.7,0.9,1.7,3.9,17.3,2014
Paul George,SF,23,IND,19,19,41.1,7.3,16.6,.438,2.7,6.8,.403,4.5,9.8,.462,.521,5.3,6.7,.789,0.7,6.9,7.6,3.8,2.2,0.4,2.6,2.9,22.6,2014
Draymond Green,SF,23,GSW,7,4,32.6,4.0,8.6,.467,1.1,4.1,.276,2.9,4.4,.645,.533,2.7,3.4,.792,2.6,5.7,8.3,2.9,1.7,1.7,2.4,4.7,11.9,2014
Blake Griffin,PF,24,LAC,13,13,36.8,9.0,18.0,.500,0.1,0.5,.143,8.9,17.5,.511,.502,5.5,7.4,.740,2.7,4.7,7.4,3.8,1.2,1.1,2.4,4.2,23.5,2014
James Harden,SG,24,HOU,6,6,43.8,8.3,22.2,.376,2.7,9.0,.296,5.7,13.2,.430,.436,7.5,8.3,.900,0.8,3.8,4.7,5.8,2.0,0.2,3.5,3.5,26.8,2014
Roy Hibbert,C,27,IND,19,19,28.5,3.5,7.7,.449,0.0,0.1,.000,3.5,7.7,.452,.449,2.3,3.0,.772,2.3,3.2,5.5,0.9,0.2,1.4,1.3,3.3,9.3,2014
Dwight Howard,C,28,HOU,6,6,38.5,9.7,17.7,.547,0.0,0.0,,9.7,17.7,.547,.547,6.7,10.7,.625,4.5,9.2,13.7,1.8,0.7,2.8,3.2,4.2,26.0,2014
Andre Iguodala,SF,30,GSW,7,7,35.4,4.6,8.9,.516,1.1,2.1,.533,3.4,6.7,.511,.581,2.9,4.7,.606,0.7,4.0,4.7,4.4,1.3,0.3,3.0,2.7,13.1,2014
LeBron James,PF,29,MIA,20,20,38.2,9.6,17.0,.565,1.8,4.3,.407,7.9,12.7,.618,.616,6.5,8.0,.806,0.7,6.4,7.1,4.8,1.8,0.6,3.1,2.3,27.4,2014
Joe Johnson,SG,32,BRK,12,12,39.1,8.2,15.3,.533,1.8,4.4,.415,6.3,10.9,.580,.592,3.0,3.6,.837,0.8,3.1,3.8,2.9,0.5,0.3,1.6,1.7,21.2,2014
DeAndre Jordan,C,25,LAC,13,13,34.0,3.5,4.8,.730,0.0,0.0,,3.5,4.8,.730,.730,2.5,5.8,.434,3.3,9.2,12.5,0.8,0.9,2.5,1.8,3.5,9.6,2014
Kyle Korver,SG,32,ATL,7,7,35.7,4.3,9.4,.455,3.3,7.7,.426,1.0,1.7,.583,.629,1.6,1.7,.917,0.3,5.0,5.3,0.7,0.6,0.3,1.6,2.1,13.4,2014
David Lee,PF,30,GSW,7,7,31.0,5.9,11.0,.532,0.0,0.0,,5.9,11.0,.532,.532,2.1,2.7,.789,3.4,5.7,9.1,2.6,0.6,0.0,2.4,4.0,13.9,2014
Kawhi Leonard,SF,22,SAS,23,23,32.0,5.3,10.4,.510,1.3,3.2,.419,4.0,7.2,.552,.575,2.3,3.1,.736,1.3,5.4,6.7,1.7,1.7,0.6,1.3,2.9,14.3,2014
Damian Lillard,PG,23,POR,11,11,42.4,7.5,17.2,.439,2.5,6.4,.386,5.1,10.8,.471,.511,5.4,6.0,.894,1.1,4.0,5.1,6.5,1.0,0.1,2.7,2.6,22.9,2014
Kyle Lowry,PG,27,TOR,7,7,38.7,6.3,15.6,.404,2.4,6.1,.395,3.9,9.4,.409,.482,6.1,7.0,.878,1.3,3.4,4.7,4.7,0.9,0.0,2.9,3.9,21.1,2014
Paul Millsap,PF,28,ATL,7,7,38.1,5.9,14.7,.398,1.3,3.9,.333,4.6,10.9,.421,.442,6.4,8.0,.804,3.0,7.9,10.9,2.9,1.4,1.9,2.9,3.6,19.4,2014
Tony Parker,PG,31,SAS,23,23,31.3,7.3,15.0,.486,0.6,1.5,.371,6.7,13.5,.498,.504,2.2,3.0,.729,0.2,1.7,2.0,4.8,0.7,0.1,2.7,1.6,17.4,2014
Chris Paul,PG,28,LAC,13,13,36.3,7.1,15.2,.467,2.5,5.4,.457,4.6,9.8,.472,.548,3.2,4.1,.774,0.9,3.3,4.2,10.3,2.8,0.0,3.0,3.8,19.8,2014
Zach Randolph,PF,32,MEM,6,6,39.0,7.0,17.3,.404,0.0,0.2,.000,7.0,17.2,.408,.404,4.2,6.8,.610,2.8,5.8,8.7,2.3,0.8,0.2,1.7,2.2,18.2,2014
Jeff Teague,PG,25,ATL,7,7,34.6,6.3,16.0,.393,1.3,3.9,.333,5.0,12.1,.412,.433,5.4,5.7,.950,0.7,3.0,3.7,5.0,1.0,0.6,3.0,2.1,19.3,2014
Klay Thompson,SG,23,GSW,7,7,36.7,5.7,14.0,.408,2.3,6.3,.364,3.4,7.7,.444,.490,2.7,3.4,.792,0.6,2.9,3.4,3.6,1.0,0.7,2.1,3.4,16.4,2014
Dwyane Wade,SG,32,MIA,20,20,34.7,7.0,13.9,.500,0.5,1.2,.375,6.5,12.7,.512,.516,3.5,4.5,.767,0.8,3.1,3.9,3.9,1.5,0.3,2.7,2.8,17.8,2014
Kemba Walker,PG,23,CHA,4,4,38.3,6.5,13.8,.473,3.0,6.0,.500,3.5,7.8,.452,.582,3.5,4.5,.778,0.3,3.5,3.8,6.0,2.0,0.8,3.8,1.5,19.5,2014
John Wall,PG,23,WAS,11,11,38.2,5.5,14.9,.366,0.6,2.9,.219,4.8,12.0,.402,.387,4.7,6.2,.765,0.5,3.5,4.0,7.1,1.6,0.7,3.3,2.6,16.3,2014
Russell Westbrook,PG,25,OKC,19,19,38.7,8.8,20.9,.420,1.5,5.3,.280,7.3,15.7,.466,.455,7.6,8.6,.884,2.4,4.9,7.3,8.1,2.2,0.3,4.4,3.3,26.7,2014
Deron Williams,PG,29,BRK,12,12,35.7,5.0,12.7,.395,1.5,4.4,.340,3.5,8.3,.424,.454,3.0,3.8,.800,0.6,2.6,3.2,5.8,1.1,0.2,2.3,2.6,14.5,2014
LaMarcus Aldridge,PF,29,POR,5,5,41.6,7.4,22.4,.330,0.6,2.2,.273,6.8,20.2,.337,.344,6.4,7.2,.889,4.2,7.0,11.2,1.8,0.4,2.4,1.6,3.2,21.8,2015
Giannis Antetokounmpo,SG,20,MIL,6,6,33.5,4.3,11.8,.366,0.0,0.2,.000,4.3,11.7,.371,.366,2.8,3.8,.739,2.0,5.0,7.0,2.7,0.5,1.5,1.8,3.0,11.5,2015
Bradley Beal,SG,21,WAS,10,10,41.8,8.1,20.0,.405,2.3,6.3,.365,5.8,13.7,.423,.463,4.9,5.9,.831,1.4,4.1,5.5,4.6,1.6,0.7,2.6,1.9,23.4,2015
Jimmy Butler,SG,25,CHI,12,12,42.2,7.8,17.8,.441,2.3,6.0,.389,5.5,11.8,.468,.507,4.9,6.0,.819,1.5,4.1,5.6,3.2,2.4,0.8,1.8,2.3,22.9,2015
Stephen Curry,PG,26,GSW,21,21,39.3,9.5,20.9,.456,4.7,11.0,.422,4.9,9.9,.493,.567,4.6,5.5,.835,1.0,4.0,5.0,6.4,1.9,0.1,3.9,2.2,28.3,2015
Anthony Davis,PF,21,NOP,4,4,43.0,11.8,21.8,.540,0.0,0.5,.000,11.8,21.3,.553,.540,8.0,9.0,.889,2.3,8.8,11.0,2.0,1.3,3.0,3.3,3.0,31.5,2015
DeMar DeRozan,SG,25,TOR,4,4,39.8,8.0,20.0,.400,0.8,2.0,.375,7.3,18.0,.403,.419,3.5,4.3,.824,1.3,5.0,6.3,5.8,1.5,0.0,2.5,3.0,20.3,2015
Marc Gasol,C,30,MEM,11,11,37.8,6.5,16.4,.394,0.0,0.2,.000,6.5,16.2,.399,.394,6.8,8.0,.852,1.7,8.5,10.3,4.5,0.9,1.7,1.5,3.0,19.7,2015
Pau Gasol,PF,34,CHI,10,10,31.7,5.6,11.5,.487,0.0,0.4,.000,5.6,11.1,.505,.487,3.2,4.2,.762,1.7,7.7,9.4,3.1,0.5,2.1,2.1,1.8,14.4,2015
Draymond Green,PF,24,GSW,21,21,37.3,4.8,11.4,.417,1.1,4.3,.264,3.6,7.1,.510,.467,3.0,4.1,.736,2.2,7.9,10.1,5.2,1.8,1.2,2.8,4.2,13.7,2015
Blake Griffin,PF,25,LAC,14,14,39.8,10.0,19.6,.511,0.1,0.5,.143,9.9,19.1,.521,.513,5.4,7.6,.717,2.7,10.0,12.7,6.1,1.0,1.0,3.2,3.1,25.5,2015
James Harden,SG,25,HOU,17,17,37.4,7.6,17.3,.439,2.4,6.3,.383,5.2,11.0,.471,.509,9.6,10.5,.916,0.7,5.0,5.7,7.5,1.6,0.4,4.5,2.9,27.2,2015
Jrue Holiday,PG,24,NOP,3,0,18.3,2.3,6.3,.368,0.3,1.3,.250,2.0,5.0,.400,.395,1.3,1.3,1.000,0.7,0.3,1.0,4.3,0.7,0.3,1.7,1.0,6.3,2015
Al Horford,C,28,ATL,16,16,32.6,6.7,13.2,.507,0.1,0.6,.222,6.6,12.6,.520,.512,0.9,1.3,.750,2.5,6.1,8.6,3.7,0.8,1.4,1.6,2.1,14.4,2015
Dwight Howard,C,29,HOU,17,17,33.8,6.2,10.7,.577,0.0,0.0,,6.2,10.7,.577,.577,4.0,9.7,.412,3.6,10.4,14.0,1.2,1.4,2.3,2.2,3.5,16.4,2015
Andre Iguodala,SF,31,GSW,21,3,30.2,3.9,8.1,.474,1.4,3.9,.354,2.5,4.2,.584,.558,1.3,3.1,.415,0.8,3.7,4.5,3.6,1.2,0.3,0.7,2.0,10.4,2015
Kyrie Irving,PG,22,CLE,13,13,35.7,6.2,14.2,.438,2.1,4.6,.450,4.2,9.6,.432,.511,4.5,5.3,.841,0.8,2.8,3.6,3.8,1.3,0.8,1.5,2.2,19.0,2015
LeBron James,SF,30,CLE,20,20,42.2,11.4,27.2,.417,1.3,5.5,.227,10.1,21.7,.465,.440,6.1,8.4,.731,1.9,9.5,11.3,8.5,1.7,1.1,4.1,2.9,30.1,2015
Joe Johnson,SG,33,BRK,6,6,41.5,5.7,15.7,.362,2.0,6.8,.293,3.7,8.8,.415,.426,3.2,4.0,.792,0.8,6.8,7.7,4.8,1.2,0.0,0.8,2.7,16.5,2015
DeAndre Jordan,C,26,LAC,14,14,34.4,4.1,5.8,.716,0.0,0.0,,4.1,5.8,.716,.716,4.8,11.2,.427,3.5,9.9,13.4,1.1,1.1,2.4,1.2,3.0,13.1,2015
Kyle Korver,SG,33,ATL,14,14,37.6,3.7,9.5,.391,2.8,7.9,.355,0.9,1.6,.565,.538,0.9,1.1,.813,0.1,4.9,5.0,2.4,1.4,1.1,1.5,1.9,11.1,2015
David Lee,PF,31,GSW,13,0,8.2,1.2,3.1,.400,0.0,0.0,,1.2,3.1,.400,.400,0.6,1.2,.533,0.8,1.8,2.6,0.6,0.2,0.2,0.2,1.3,3.1,2015
Kawhi Leonard,SF,23,SAS,7,7,35.7,7.4,15.6,.477,1.6,3.7,.423,5.9,11.9,.494,.528,3.9,5.0,.771,1.9,5.6,7.4,2.6,1.1,0.6,2.1,2.6,20.3,2015
Damian Lillard,PG,24,POR,5,5,40.2,7.8,19.2,.406,1.0,6.2,.161,6.8,13.0,.523,.432,5.0,6.4,.781,0.4,3.6,4.0,4.6,0.4,0.6,2.4,3.0,21.6,2015
Kevin Love,PF,26,CLE,4,4,26.8,4.3,10.3,.415,2.3,5.3,.429,2.0,5.0,.400,.524,3.5,4.8,.737,1.5,5.5,7.0,2.5,0.3,0.5,1.5,3.0,14.3,2015
Kyle Lowry,PG,28,TOR,4,4,32.8,4.5,14.3,.316,1.3,5.8,.217,3.3,8.5,.382,.360,2.0,2.8,.727,1.8,3.8,5.5,4.8,1.3,0.0,3.0,4.5,12.3,2015
Khris Middleton,SF,23,MIL,6,6,38.7,5.8,15.3,.380,1.8,5.7,.324,4.0,9.7,.414,.440,2.3,2.5,.933,1.2,2.5,3.7,2.0,2.3,0.5,1.7,2.3,15.8,2015
Paul Millsap,PF,29,ATL,16,15,35.4,5.3,13.1,.407,0.9,3.1,.306,4.4,10.0,.438,.443,3.6,4.9,.744,2.3,6.4,8.7,3.4,1.6,0.9,2.1,3.3,15.2,2015
Tony Parker,PG,32,SAS,7,7,30.0,4.7,13.0,.363,0.0,1.3,.000,4.7,11.7,.402,.363,1.4,2.4,.588,0.6,2.7,3.3,3.6,0.3,0.0,1.6,2.0,10.9,2015
Chris Paul,PG,29,LAC,12,12,37.1,7.9,15.8,.503,2.3,5.4,.415,5.7,10.3,.548,.574,4.0,4.3,.941,0.6,3.8,4.4,8.8,1.8,0.3,2.2,3.1,22.1,2015
Zach Randolph,PF,33,MEM,11,11,34.7,6.5,15.3,.423,0.1,0.5,.200,6.4,14.8,.429,.426,2.6,3.0,.879,2.9,5.5,8.5,2.1,0.5,0.0,2.1,3.4,15.6,2015
Rajon Rondo,PG,28,DAL,2,2,18.5,4.5,10.0,.450,0.5,1.0,.500,4.0,9.0,.444,.475,0.0,0.0,,0.5,0.5,1.0,3.0,0.0,0.0,1.0,3.0,9.5,2015
Jeff Teague,PG,26,ATL,16,16,33.1,6.1,14.9,.410,1.3,4.1,.323,4.8,10.9,.443,.454,3.3,3.8,.867,0.6,2.6,3.2,6.7,1.5,0.4,2.7,2.1,16.8,2015
Klay Thompson,SG,24,GSW,21,21,36.2,7.1,15.9,.446,2.7,7.0,.390,4.4,9.0,.489,.531,1.7,2.1,.800,0.4,3.4,3.9,2.6,0.8,0.9,2.0,3.0,18.6,2015
John Wall,PG,24,WAS,7,7,39.0,6.1,15.7,.391,0.4,2.4,.176,5.7,13.3,.430,.405,4.7,5.6,.846,0.7,4.0,4.7,11.9,1.4,1.4,3.9,1.9,17.4,2015
Deron Williams,PG,30,BRK,6,6,32.0,4.5,11.5,.391,1.8,4.3,.423,2.7,7.2,.372,.471,1.0,1.2,.857,0.5,5.7,6.2,5.5,1.3,0.0,2.7,3.0,11.8,2015
LaMarcus Aldridge,PF,30,SAS,10,10,33.7,8.8,16.9,.521,0.2,0.2,1.000,8.6,16.7,.515,.527,4.1,4.6,.891,2.2,6.1,8.3,1.0,0.4,1.4,1.1,1.8,21.9,2016
Stephen Curry,PG,27,GSW,18,17,34.1,8.2,18.8,.438,4.4,11.0,.404,3.8,7.8,.486,.556,4.2,4.6,.916,0.8,4.7,5.5,5.2,1.4,0.3,4.2,2.2,25.1,2016
DeMar DeRozan,SG,26,TOR,20,20,37.3,7.9,19.9,.394,0.2,1.3,.154,7.7,18.6,.411,.399,5.0,6.2,.813,0.7,3.5,4.2,2.7,1.1,0.2,2.3,2.6,20.9,2016
Goran Dragic,PG,29,MIA,14,14,33.7,6.5,14.7,.442,1.1,3.3,.348,5.4,11.4,.469,.481,2.4,3.1,.767,0.8,4.1,4.9,3.9,0.4,0.2,2.2,3.3,16.5,2016
Kevin Durant,SF,27,OKC,18,18,40.3,9.7,22.6,.430,1.7,6.1,.282,8.0,16.5,.485,.468,7.2,8.1,.890,0.7,6.4,7.1,3.3,1.0,1.0,3.6,2.1,28.4,2016
Paul George,SF,25,IND,7,7,39.3,8.0,17.6,.455,2.6,6.1,.419,5.4,11.4,.475,.528,8.7,9.1,.953,1.3,6.3,7.6,4.3,2.0,0.7,3.3,3.4,27.3,2016
Draymond Green,PF,25,GSW,23,23,38.2,5.2,12.0,.431,1.7,4.5,.365,3.5,7.5,.471,.500,3.4,4.7,.738,1.7,8.3,9.9,6.0,1.6,1.8,2.4,3.5,15.4,2016
Blake Griffin,PF,26,LAC,4,4,31.8,5.0,13.3,.377,0.3,0.5,.500,4.8,12.8,.373,.387,4.8,6.3,.760,1.8,7.0,8.8,4.0,0.8,0.5,2.3,2.3,15.0,2016
James Harden,SG,26,HOU,5,5,38.6,8.2,20.0,.410,2.6,8.4,.310,5.6,11.6,.483,.475,7.6,9.0,.844,1.4,3.8,5.2,7.6,2.4,0.2,5.2,2.6,26.6,2016
Al Horford,C,29,ATL,10,10,32.7,5.4,11.6,.466,1.1,2.8,.393,4.3,8.8,.489,.513,1.5,1.6,.938,1.3,5.2,6.5,3.0,1.2,2.4,1.7,2.5,13.4,2016
Dwight Howard,C,30,HOU,5,5,36.0,5.2,9.6,.542,0.0,0.2,.000,5.2,9.4,.553,.542,2.8,7.6,.368,5.2,8.8,14.0,1.6,0.8,1.4,2.4,4.2,13.2,2016
Andre Iguodala,SF,32,GSW,24,3,32.0,3.3,6.8,.476,1.0,2.7,.385,2.2,4.1,.535,.552,1.3,2.4,.561,1.5,2.9,4.4,3.8,1.2,0.4,1.0,1.5,8.9,2016
Kyrie Irving,PG,23,CLE,21,21,36.9,9.6,20.1,.475,2.4,5.5,.440,7.1,14.6,.489,.535,3.7,4.2,.875,0.7,2.2,3.0,4.7,1.7,0.6,2.3,2.2,25.2,2016
LeBron James,SF,31,CLE,21,21,39.1,10.4,19.9,.525,1.5,4.5,.340,8.9,15.4,.579,.564,3.9,5.9,.661,2.0,7.5,9.5,7.6,2.3,1.3,3.6,2.6,26.3,2016
Joe Johnson,SF,34,MIA,14,14,35.1,4.9,11.3,.430,0.9,3.3,.283,3.9,8.0,.491,.472,1.5,1.7,.875,0.5,4.2,4.7,2.5,0.6,0.2,1.3,1.9,12.1,2016
DeAndre Jordan,C,27,LAC,6,6,33.0,4.0,6.3,.632,0.0,0.0,,4.0,6.3,.632,.632,3.7,9.8,.373,5.0,11.3,16.3,1.8,1.2,2.7,1.2,2.8,11.7,2016
Kyle Korver,SG,34,ATL,10,8,31.6,3.5,7.5,.467,2.4,5.4,.444,1.1,2.1,.524,.627,0.9,0.9,1.000,0.3,4.5,4.8,1.0,1.0,0.4,0.8,2.3,10.3,2016
David Lee,PF,32,DAL,2,0,16.5,3.0,4.0,.750,0.0,0.0,,3.0,4.0,.750,.750,0.0,0.0,,0.5,2.5,3.0,0.5,0.0,0.0,0.0,3.5,6.0,2016
Kawhi Leonard,SF,24,SAS,10,10,33.9,8.3,16.6,.500,1.7,3.9,.436,6.6,12.7,.520,.551,4.2,5.1,.824,1.4,4.9,6.3,2.8,2.6,1.4,1.6,2.1,22.5,2016
Damian Lillard,PG,25,POR,11,11,39.7,8.1,22.0,.368,3.8,9.7,.393,4.3,12.3,.348,.455,6.5,7.1,.910,1.1,3.2,4.3,6.3,1.3,0.3,3.0,2.1,26.5,2016
Kevin Love,PF,27,CLE,20,19,30.7,4.6,12.0,.385,2.3,5.6,.414,2.3,6.4,.359,.481,3.2,3.8,.840,1.7,7.1,8.8,2.1,0.5,0.4,1.4,1.7,14.7,2016
Kyle Lowry,PG,29,TOR,20,20,38.3,6.6,16.5,.397,2.1,6.9,.304,4.5,9.6,.464,.461,3.9,5.2,.750,0.9,3.8,4.7,6.0,1.6,0.2,3.2,3.7,19.1,2016
Paul Millsap,PF,30,ATL,10,10,36.5,5.9,13.7,.431,0.8,3.3,.242,5.1,10.4,.490,.460,4.1,5.5,.745,2.8,6.6,9.4,2.7,1.3,2.3,2.6,2.9,16.7,2016
Tony Parker,PG,33,SAS,10,10,26.4,4.4,9.8,.449,0.4,1.6,.250,4.0,8.2,.488,.469,1.2,1.4,.857,0.1,2.1,2.2,5.3,0.6,0.2,1.8,1.5,10.4,2016
Chris Paul,PG,30,LAC,4,4,31.3,9.3,19.0,.487,1.5,5.0,.300,7.8,14.0,.554,.526,3.8,3.8,1.000,1.0,3.0,4.0,7.3,2.3,0.0,1.0,3.0,23.8,2016
Zach Randolph,PF,34,MEM,4,4,30.0,5.8,15.5,.371,0.0,0.0,,5.8,15.5,.371,.371,1.5,1.8,.857,3.8,5.0,8.8,1.8,0.3,0.0,1.8,2.5,13.0,2016
Jeff Teague,PG,27,ATL,10,10,27.9,4.6,12.1,.380,0.9,3.6,.250,3.7,8.5,.435,.417,4.4,5.2,.846,0.3,1.6,1.9,6.2,0.6,0.2,2.5,3.0,14.5,2016
Klay Thompson,SG,25,GSW,24,24,35.4,8.4,18.9,.444,4.1,9.6,.424,4.3,9.3,.464,.552,3.4,4.0,.854,0.6,3.0,3.7,2.3,1.1,0.4,2.0,2.2,24.3,2016
Dwyane Wade,SG,34,MIA,14,14,33.8,8.5,18.1,.469,0.9,1.6,.522,7.6,16.5,.463,.492,3.6,4.6,.781,0.9,4.8,5.6,4.3,0.8,0.9,2.7,1.6,21.4,2016
Kemba Walker,PG,25,CHO,7,7,37.1,8.0,21.9,.366,2.0,6.1,.326,6.0,15.7,.382,.412,4.7,5.0,.943,0.4,2.6,3.0,4.0,1.3,0.6,1.7,1.4,22.7,2016
Russell Westbrook,PG,27,OKC,18,18,37.4,8.8,21.8,.405,1.9,5.8,.324,6.9,16.0,.434,.448,6.4,7.8,.829,2.3,4.6,6.9,11.0,2.6,0.1,4.3,2.4,26.0,2016
Deron Williams,PG,31,DAL,3,3,16.3,2.0,6.0,.333,1.0,2.3,.429,1.0,3.7,.273,.417,0.0,0.0,,0.0,0.7,0.7,2.7,0.3,0.0,2.3,2.0,5.0,2016
LaMarcus Aldridge,PF,31,SAS,16,16,33.6,6.9,15.0,.458,0.1,0.9,.143,6.8,14.1,.478,.463,2.6,3.4,.764,2.7,4.8,7.4,1.5,0.6,1.0,1.8,2.6,16.5,2017
Giannis Antetokounmpo,SF,22,MIL,6,6,40.5,10.0,18.7,.536,0.7,1.7,.400,9.3,17.0,.549,.554,4.2,7.7,.543,1.7,7.8,9.5,4.0,2.2,1.7,3.3,3.5,24.8,2017
Bradley Beal,SG,23,WAS,13,13,38.8,9.4,19.9,.471,2.2,7.8,.287,7.2,12.2,.589,.527,3.8,4.7,.820,1.2,2.2,3.4,2.7,1.6,0.6,2.1,2.9,24.8,2017
Jimmy Butler,SF,27,CHI,6,6,39.8,7.7,18.0,.426,1.0,3.8,.261,6.7,14.2,.471,.454,6.3,7.8,.809,1.5,5.8,7.3,4.3,1.7,0.8,2.5,1.7,22.7,2017
Stephen Curry,PG,28,GSW,17,17,35.4,8.9,18.4,.484,4.2,10.1,.419,4.6,8.2,.564,.599,6.1,6.7,.904,1.3,4.9,6.2,6.7,2.0,0.2,3.4,2.2,28.1,2017
DeMar DeRozan,SG,27,TOR,10,10,37.3,7.6,17.5,.434,0.1,1.5,.067,7.5,16.0,.469,.437,7.1,8.0,.888,0.4,4.5,4.9,3.4,1.4,0.0,2.5,2.6,22.4,2017
Kevin Durant,PF,28,GSW,15,15,35.5,9.9,17.9,.556,2.5,5.7,.442,7.4,12.1,.610,.627,6.1,6.9,.893,1.1,6.9,7.9,4.3,0.8,1.3,2.5,2.6,28.5,2017
Marc Gasol,C,32,MEM,6,6,40.0,6.5,13.8,.470,1.2,2.0,.583,5.3,11.8,.451,.512,5.2,5.5,.939,1.2,5.3,6.5,4.2,0.3,0.7,2.5,3.7,19.3,2017
Pau Gasol,C,36,SAS,16,7,22.8,3.1,7.1,.439,0.4,1.1,.333,2.8,6.0,.458,.465,1.1,1.5,.708,2.4,4.7,7.1,1.9,0.4,0.9,1.1,2.2,7.7,2017
Paul George,SF,26,IND,4,4,43.0,8.5,22.0,.386,4.5,10.5,.429,4.0,11.5,.348,.489,6.5,7.5,.867,1.3,7.5,8.8,7.3,1.8,0.5,3.3,3.3,28.0,2017
Draymond Green,PF,26,GSW,17,17,34.9,4.2,9.5,.447,1.9,4.6,.410,2.4,4.9,.482,.547,2.7,3.9,.687,1.2,7.9,9.1,6.5,1.8,1.6,2.1,3.5,13.1,2017
Blake Griffin,PF,27,LAC,3,3,33.0,8.3,17.0,.490,1.3,2.0,.667,7.0,15.0,.467,.529,2.3,2.3,1.000,1.0,5.0,6.0,2.3,0.7,0.3,2.0,0.7,20.3,2017
James Harden,PG,27,HOU,11,11,37.0,8.2,19.8,.413,2.9,10.5,.278,5.3,9.4,.563,.486,9.2,10.5,.878,0.6,4.8,5.5,8.5,1.9,0.5,5.4,3.9,28.5,2017
Al Horford,C,30,BOS,18,18,33.9,6.2,10.6,.584,1.5,2.9,.519,4.7,7.7,.609,.655,1.2,1.6,.759,1.7,4.8,6.6,5.4,0.8,0.8,1.8,1.8,15.1,2017
Dwight Howard,C,31,ATL,6,6,26.2,3.0,6.0,.500,0.0,0.0,,3.0,6.0,.500,.500,2.0,3.2,.632,3.0,7.7,10.7,1.3,1.0,0.8,1.8,3.5,8.0,2017
Andre Iguodala,SF,33,GSW,16,0,26.2,2.9,6.3,.455,0.5,2.6,.190,2.4,3.7,.644,.495,0.9,1.6,.577,0.6,3.5,4.1,3.2,0.9,0.4,1.0,1.8,7.2,2017
Kyrie Irving,PG,24,CLE,18,18,36.3,9.6,20.6,.468,2.4,6.6,.373,7.2,14.0,.512,.527,4.2,4.7,.905,0.7,2.1,2.8,5.3,1.3,0.4,2.7,2.1,25.9,2017
LeBron James,SF,32,CLE,18,18,41.3,12.1,21.3,.565,2.4,5.9,.411,9.6,15.4,.625,.622,6.3,9.0,.698,1.1,8.1,9.1,7.8,1.9,1.3,4.0,2.4,32.8,2017
Joe Johnson,SF,35,UTA,11,2,29.6,5.3,12.1,.436,1.4,4.1,.333,3.9,8.0,.489,.492,1.0,1.4,.733,0.7,3.2,3.9,2.5,0.5,0.1,1.2,1.9,12.9,2017
DeAndre Jordan,C,28,LAC,7,7,37.7,6.1,8.7,.705,0.0,0.1,.000,6.1,8.6,.717,.705,3.1,8.0,.393,3.6,10.9,14.4,0.7,0.4,0.9,2.4,4.1,15.4,2017
Kyle Korver,SG,35,CLE,18,0,18.1,1.9,4.4,.425,1.5,3.8,.391,0.4,0.6,.636,.594,0.6,0.6,1.000,0.1,1.6,1.7,0.7,0.4,0.3,0.4,1.2,5.8,2017
David Lee,PF,33,SAS,15,4,16.3,1.7,3.2,.521,0.0,0.1,.000,1.7,3.1,.532,.521,0.7,1.1,.647,1.3,2.5,3.8,0.7,0.3,0.3,0.4,1.3,4.1,2017
Kawhi Leonard,SF,25,SAS,12,12,35.8,8.8,16.8,.525,2.1,4.6,.455,6.8,12.3,.551,.587,7.9,8.5,.931,1.6,6.2,7.8,4.6,1.7,0.5,2.2,1.8,27.7,2017
Damian Lillard,PG,26,POR,4,4,37.8,9.8,22.5,.433,2.3,8.0,.281,7.5,14.5,.517,.483,6.0,6.3,.960,1.0,3.5,4.5,3.3,1.3,0.5,3.3,2.8,27.8,2017
Kevin Love,PF,28,CLE,18,18,32.1,5.3,12.1,.436,2.8,6.2,.450,2.5,5.9,.421,.550,3.5,4.2,.840,2.0,8.6,10.6,1.7,1.2,0.9,1.7,2.6,16.8,2017
Kyle Lowry,PG,30,TOR,8,8,37.5,5.4,11.6,.462,1.6,4.8,.342,3.8,6.9,.545,.532,3.4,4.1,.818,0.4,2.8,3.1,5.9,1.5,0.5,2.1,3.3,15.8,2017
Khris Middleton,SF,25,MIL,6,6,38.5,5.2,13.0,.397,1.2,3.2,.368,4.0,9.8,.407,.442,3.0,3.7,.818,0.0,4.7,4.7,5.3,2.0,0.0,1.8,2.8,14.5,2017
Paul Millsap,PF,31,ATL,6,6,36.5,8.3,16.5,.505,0.5,2.8,.176,7.8,13.7,.573,.520,7.2,8.8,.811,1.5,7.8,9.3,4.3,1.7,0.7,3.8,3.2,24.3,2017
Victor Oladipo,SG,24,OKC,5,5,36.2,4.2,12.2,.344,1.2,5.0,.240,3.0,7.2,.417,.393,1.2,1.2,1.000,0.4,5.2,5.6,2.0,1.4,0.6,1.2,3.4,10.8,2017
Tony Parker,PG,34,SAS,8,8,26.4,6.4,12.1,.526,1.4,2.4,.579,5.0,9.8,.513,.582,1.8,1.8,1.000,0.3,2.3,2.5,3.1,0.5,0.0,1.5,1.3,15.9,2017
Chris Paul,PG,31,LAC,7,7,37.1,9.6,19.3,.496,2.0,5.4,.368,7.6,13.9,.546,.548,4.1,4.7,.879,0.6,4.4,5.0,9.9,1.7,0.1,2.7,3.4,25.3,2017
Zach Randolph,PF,35,MEM,6,4,31.8,5.8,13.8,.422,0.2,1.2,.143,5.7,12.7,.447,.428,1.3,1.8,.727,1.5,6.7,8.2,0.7,0.8,0.3,1.2,2.3,13.2,2017
Rajon Rondo,PG,30,CHI,2,2,33.5,5.5,13.0,.423,0.0,3.0,.000,5.5,10.0,.550,.423,0.5,1.0,.500,3.5,5.0,8.5,10.0,3.5,0.5,2.0,3.0,11.5,2017
Jeff Teague,PG,28,IND,4,4,35.5,5.5,11.3,.489,2.3,4.3,.529,3.3,7.0,.464,.589,3.8,4.5,.833,0.0,3.3,3.3,6.3,1.0,0.8,2.0,3.0,17.0,2017
Klay Thompson,SG,26,GSW,17,17,35.1,5.5,13.9,.397,2.4,6.2,.387,3.1,7.7,.405,.483,1.5,1.9,.788,0.6,3.2,3.9,2.1,0.8,0.3,1.4,2.6,15.0,2017
Dwyane Wade,SG,35,CHI,6,6,31.7,5.3,14.3,.372,1.0,2.8,.353,4.3,11.5,.377,.407,3.3,3.5,.952,1.0,4.0,5.0,4.0,0.8,1.3,1.7,1.3,15.0,2017
John Wall,PG,26,WAS,13,13,39.0,9.8,21.6,.452,1.6,4.7,.344,8.2,16.9,.482,.489,6.0,7.2,.839,0.5,3.2,3.7,10.3,1.7,1.2,4.2,2.0,27.2,2017
Russell Westbrook,PG,28,OKC,5,5,38.8,11.8,30.4,.388,2.6,9.8,.265,9.2,20.6,.447,.431,11.2,14.0,.800,1.8,9.8,11.6,10.8,2.4,0.4,6.0,3.2,37.4,2017
Deron Williams,PG,32,CLE,18,0,14.6,1.6,3.6,.438,0.7,1.7,.387,0.9,1.8,.485,.531,0.6,0.6,.909,0.2,1.1,1.3,2.1,0.6,0.1,0.9,1.6,4.3,2017
LaMarcus Aldridge,C,32,SAS,5,5,35.4,7.4,16.0,.463,0.6,1.0,.600,6.8,15.0,.453,.481,8.2,8.4,.976,2.6,6.6,9.2,2.4,0.6,0.4,1.8,1.8,23.6,2018
Giannis Antetokounmpo,PF,23,MIL,7,7,40.0,9.9,17.3,.570,0.6,2.0,.286,9.3,15.3,.607,.587,5.4,7.9,.691,1.1,8.4,9.6,6.3,1.4,0.9,2.4,4.0,25.7,2018
Bradley Beal,SG,24,WAS,6,6,36.0,8.2,18.0,.454,3.5,7.5,.467,4.7,10.5,.444,.551,3.3,3.8,.870,0.3,3.0,3.3,2.8,1.2,0.3,2.5,3.2,23.2,2018
Jimmy Butler,SG,28,MIN,5,5,34.0,5.6,12.6,.444,1.6,3.4,.471,4.0,9.2,.435,.508,3.0,3.6,.833,0.6,5.4,6.0,4.0,0.8,0.2,1.0,1.8,15.8,2018
Stephen Curry,PG,29,GSW,15,14,37.0,9.1,20.3,.451,4.3,10.8,.395,4.9,9.5,.514,.556,3.0,3.1,.957,0.6,5.5,6.1,5.4,1.7,0.7,2.9,2.5,25.5,2018
Anthony Davis,PF,24,NOP,9,9,39.8,11.8,22.7,.520,0.7,2.4,.273,11.1,20.2,.549,.534,5.9,7.1,.828,2.7,10.8,13.4,1.7,2.0,2.3,2.6,3.3,30.1,2018
DeMar DeRozan,SG,28,TOR,10,10,35.4,8.7,19.9,.437,1.0,3.5,.286,7.7,16.4,.470,.462,4.3,5.3,.811,0.6,3.0,3.6,4.0,0.5,0.6,2.3,2.4,22.7,2018
Goran Dragic,PG,31,MIA,5,5,31.2,7.0,15.0,.467,1.6,4.2,.381,5.4,10.8,.500,.520,3.0,4.4,.682,0.6,2.0,2.6,4.6,1.0,0.0,3.0,3.0,18.6,2018
Kevin Durant,SF,29,GSW,21,21,38.4,10.1,20.7,.487,2.2,6.6,.341,7.9,14.1,.556,.541,6.5,7.2,.901,0.6,7.1,7.8,4.7,0.7,1.2,2.4,2.0,29.0,2018
Joel Embiid,C,23,PHI,8,8,34.8,7.5,17.3,.435,1.0,3.6,.276,6.5,13.6,.477,.464,5.4,7.6,.705,2.9,9.8,12.6,3.0,0.9,1.8,3.6,3.9,21.4,2018
Pau Gasol,C,37,SAS,5,0,18.0,2.0,4.0,.500,0.2,0.6,.333,1.8,3.4,.529,.525,1.8,2.0,.900,0.4,4.4,4.8,2.8,0.0,0.2,1.2,1.0,6.0,2018
Paul George,SF,27,OKC,6,6,41.8,8.2,20.0,.408,3.2,8.7,.365,5.0,11.3,.441,.488,5.2,6.0,.861,0.7,5.3,6.0,2.7,1.3,0.7,4.0,2.8,24.7,2018
Draymond Green,PF,27,GSW,21,21,39.0,4.0,9.1,.432,1.0,3.8,.266,3.0,5.4,.549,.487,1.9,2.3,.796,2.0,8.6,10.6,8.1,2.0,1.5,3.0,3.6,10.8,2018
James Harden,SG,28,HOU,17,17,36.5,9.3,22.6,.410,3.1,10.2,.299,6.2,12.4,.502,.478,6.9,7.8,.887,0.8,4.4,5.2,6.8,2.2,0.6,3.8,2.7,28.6,2018
Jrue Holiday,SG,27,NOP,9,9,38.7,9.8,18.9,.518,1.8,5.6,.320,8.0,13.3,.600,.565,2.3,3.3,.700,1.0,4.7,5.7,6.3,1.1,0.6,2.6,2.4,23.7,2018
Al Horford,C,31,BOS,19,19,35.7,5.8,10.7,.544,0.8,2.3,.349,5.1,8.5,.596,.581,3.3,3.9,.827,1.7,6.6,8.3,3.3,1.0,1.2,1.7,2.1,15.7,2018
Andre Iguodala,SF,34,GSW,15,12,26.7,2.8,5.7,.494,0.9,2.5,.378,1.9,3.2,.583,.576,1.6,2.3,.706,0.7,3.8,4.5,2.7,1.4,0.5,0.9,1.9,8.1,2018
LeBron James,PF,33,CLE,22,22,41.9,12.5,23.2,.539,1.8,5.2,.342,10.7,18.0,.596,.577,7.2,9.7,.746,1.4,7.7,9.1,9.0,1.4,1.0,4.3,2.4,34.0,2018
Joe Johnson,SF,36,HOU,8,0,6.8,0.8,2.1,.353,0.0,0.4,.000,0.8,1.8,.429,.353,0.0,0.0,,0.0,1.3,1.3,0.4,0.0,0.1,0.4,0.5,1.5,2018
Kyle Korver,SG,36,CLE,22,11,23.0,2.7,6.4,.418,2.0,5.0,.413,0.6,1.5,.438,.578,0.9,1.0,.864,0.3,2.1,2.4,0.9,0.4,0.4,0.6,2.0,8.3,2018
Damian Lillard,PG,27,POR,4,4,40.5,6.3,17.8,.352,2.3,7.5,.300,4.0,10.3,.390,.415,3.8,4.3,.882,0.8,3.8,4.5,4.8,1.3,0.0,4.0,2.0,18.5,2018
Kevin Love,C,29,CLE,21,21,31.4,5.2,13.2,.392,1.7,5.0,.340,3.5,8.2,.424,.457,2.8,3.0,.922,2.3,7.9,10.2,1.6,0.7,0.4,2.0,2.8,14.9,2018
Kyle Lowry,PG,31,TOR,10,10,36.1,6.0,11.8,.508,2.8,6.3,.444,3.2,5.5,.582,.627,2.6,3.2,.813,0.2,4.1,4.3,8.5,1.5,0.0,3.1,3.3,17.4,2018
Khris Middleton,SF,26,MIL,7,7,39.3,9.6,16.0,.598,3.6,5.9,.610,6.0,10.1,.592,.710,2.0,2.7,.737,0.1,5.0,5.1,3.1,0.9,0.7,2.3,4.3,24.7,2018
Victor Oladipo,SG,25,IND,7,7,37.3,7.6,18.1,.417,3.3,8.1,.404,4.3,10.0,.429,.508,4.3,5.9,.732,0.4,7.9,8.3,6.0,2.4,0.4,3.4,1.6,22.7,2018
Tony Parker,PG,35,SAS,5,0,13.4,2.8,7.4,.378,0.0,1.0,.000,2.8,6.4,.438,.378,1.0,1.4,.714,0.0,0.8,0.8,1.2,0.4,0.0,0.8,0.4,6.6,2018
Chris Paul,PG,32,HOU,15,15,34.5,7.9,17.1,.459,2.5,6.6,.374,5.4,10.5,.513,.531,2.9,3.5,.830,0.6,5.3,5.9,5.8,2.0,0.3,1.9,3.1,21.1,2018
Rajon Rondo,PG,31,NOP,9,9,33.6,4.2,10.2,.413,0.9,2.1,.421,3.3,8.1,.411,.457,1.0,1.6,.643,1.0,6.6,7.6,12.2,1.4,0.2,3.7,2.2,10.3,2018
Ben Simmons,PG,21,PHI,10,10,36.9,6.1,12.5,.488,0.0,0.1,.000,6.1,12.4,.492,.488,4.1,5.8,.707,1.6,7.8,9.4,7.7,1.7,0.8,4.4,3.4,16.3,2018
Jeff Teague,PG,29,MIN,5,5,30.6,4.6,10.2,.451,1.4,3.6,.389,3.2,6.6,.485,.520,2.4,3.4,.706,0.6,3.0,3.6,5.8,0.6,0.4,2.8,3.8,13.0,2018
Klay Thompson,SG,27,GSW,21,21,37.8,7.6,16.3,.465,3.2,7.5,.427,4.4,8.8,.497,.563,1.3,1.5,.871,0.5,3.6,4.1,1.8,0.8,0.3,1.5,2.3,19.6,2018
Dwyane Wade,SG,36,MIA,5,0,25.4,6.2,14.0,.443,0.0,0.8,.000,6.2,13.2,.470,.443,4.2,5.2,.808,0.6,3.6,4.2,3.6,1.4,0.2,2.2,2.2,16.6,2018
John Wall,PG,27,WAS,6,6,39.0,9.3,21.2,.441,0.7,3.5,.190,8.7,17.7,.491,.457,6.7,7.8,.851,0.5,5.2,5.7,11.5,2.3,1.3,4.5,2.7,26.0,2018
Russell Westbrook,PG,29,OKC,6,6,39.2,10.7,26.8,.398,2.5,7.0,.357,8.2,19.8,.412,.444,5.5,6.7,.825,1.8,10.2,12.0,7.5,1.5,0.0,5.2,3.5,29.3,2018
LaMarcus Aldridge,C,33,SAS,7,7,34.9,7.9,17.3,.455,0.4,1.6,.273,7.4,15.7,.473,.467,3.9,4.7,.818,2.7,6.9,9.6,2.7,0.7,1.0,1.0,3.0,20.0,2019
Giannis Antetokounmpo,PF,24,MIL,15,15,34.3,8.6,17.5,.492,1.2,3.7,.327,7.4,13.8,.536,.527,7.1,11.2,.637,2.5,9.8,12.3,4.9,1.1,2.0,3.3,3.2,25.5,2019
Jimmy Butler,SF,29,PHI,12,12,35.1,6.6,14.6,.451,1.0,3.8,.267,5.6,10.8,.515,.486,5.3,6.0,.875,1.8,4.3,6.1,5.2,1.4,0.6,1.8,1.7,19.4,2019
Stephen Curry,PG,30,GSW,22,22,38.5,8.6,19.6,.441,4.2,11.1,.377,4.5,8.5,.524,.548,6.7,7.1,.943,0.8,5.2,6.0,5.7,1.1,0.2,3.0,3.1,28.2,2019
DeMar DeRozan,SG,29,SAS,7,7,35.9,8.3,17.0,.487,0.0,0.1,.000,8.3,16.9,.492,.487,5.4,6.3,.864,1.4,5.3,6.7,4.6,1.1,0.1,1.7,2.3,22.0,2019
Kevin Durant,SF,30,GSW,12,12,36.8,10.4,20.3,.514,2.9,6.7,.438,7.5,13.6,.552,.586,8.5,9.4,.903,0.1,4.8,4.9,4.5,1.1,1.0,3.6,3.2,32.3,2019
Joel Embiid,C,24,PHI,11,11,30.4,6.2,14.5,.428,1.1,3.5,.308,5.1,10.9,.467,.465,6.7,8.2,.822,1.9,8.5,10.5,3.4,0.7,2.3,3.6,3.1,20.2,2019
Marc Gasol,C,34,TOR,24,24,30.6,3.2,7.5,.422,1.4,3.7,.382,1.8,3.8,.462,.517,1.7,1.9,.870,0.7,5.7,6.4,3.0,0.9,1.1,0.9,3.5,9.4,2019
Paul George,SF,28,OKC,5,5,40.8,8.8,20.2,.436,3.0,9.4,.319,5.8,10.8,.537,.510,8.0,9.8,.816,1.2,7.4,8.6,3.6,1.4,0.2,4.0,4.2,28.6,2019
Draymond Green,PF,28,GSW,22,22,38.7,5.2,10.4,.498,0.6,2.6,.228,4.6,7.8,.587,.526,2.3,3.2,.718,1.9,8.3,10.1,8.5,1.5,1.5,3.8,3.9,13.3,2019
Blake Griffin,PF,29,DET,2,2,29.0,9.0,19.5,.462,3.0,6.5,.462,6.0,13.0,.462,.538,3.5,3.5,1.000,2.0,4.0,6.0,6.0,1.0,0.0,3.0,4.5,24.5,2019
James Harden,PG,29,HOU,11,11,38.5,9.9,24.0,.413,4.4,12.5,.350,5.5,11.5,.480,.504,7.5,8.9,.837,0.8,6.1,6.9,6.6,2.2,0.9,4.6,3.7,31.6,2019
Al Horford,C,32,BOS,9,9,34.4,5.1,12.2,.418,2.0,4.9,.409,3.1,7.3,.424,.500,1.7,2.0,.833,1.4,7.6,9.0,4.4,0.4,0.8,2.1,2.3,13.9,2019
Andre Iguodala,SF,35,GSW,21,15,30.0,3.9,7.9,.494,1.3,3.8,.350,2.6,4.1,.628,.578,0.7,1.8,.378,1.3,3.0,4.3,4.0,1.1,1.1,1.0,2.0,9.8,2019
Kyrie Irving,PG,26,BOS,9,9,36.7,7.7,19.9,.385,2.0,6.4,.310,5.7,13.4,.421,.436,4.0,4.4,.900,0.6,3.9,4.4,7.0,1.3,0.4,3.1,2.9,21.3,2019
Nikola Jokic,C,23,DEN,14,14,39.8,9.4,18.6,.506,1.6,4.0,.393,7.9,14.6,.537,.548,4.7,5.6,.846,3.9,9.1,13.0,8.4,1.1,0.9,2.6,3.9,25.1,2019
Kyle Korver,SG,37,UTA,4,0,7.5,0.8,2.0,.375,0.5,1.5,.333,0.3,0.5,.500,.500,0.5,0.8,.667,0.3,1.0,1.3,0.0,0.0,0.0,0.3,1.5,2.5,2019
Kawhi Leonard,SF,27,TOR,24,24,39.1,10.1,20.7,.490,2.3,6.0,.379,7.8,14.6,.536,.545,8.0,9.0,.884,2.3,6.8,9.1,3.9,1.7,0.7,3.1,2.3,30.5,2019
Damian Lillard,PG,28,POR,16,16,40.6,8.6,20.6,.418,3.7,9.9,.373,4.9,10.8,.459,.508,5.9,7.1,.833,0.5,4.3,4.8,6.6,1.7,0.3,3.8,2.5,26.9,2019
Kyle Lowry,PG,32,TOR,24,24,37.5,5.1,11.6,.439,2.2,6.0,.359,2.9,5.5,.526,.532,2.7,3.4,.802,0.9,4.0,4.9,6.6,1.3,0.3,2.2,4.0,15.0,2019
Khris Middleton,SF,27,MIL,15,15,34.3,5.6,13.4,.418,2.7,6.1,.435,2.9,7.3,.404,.517,3.1,3.5,.885,0.6,5.7,6.3,4.4,0.6,0.0,1.9,2.9,16.9,2019
Paul Millsap,PF,33,DEN,14,14,33.5,5.2,11.2,.465,0.9,2.7,.316,4.4,8.5,.513,.503,3.4,4.4,.770,1.7,5.0,6.7,0.8,0.9,1.1,1.3,3.4,14.6,2019
Chris Paul,PG,33,HOU,11,11,36.1,6.0,13.5,.446,1.5,5.7,.270,4.5,7.7,.576,.503,3.5,4.1,.844,1.3,5.1,6.4,5.5,2.2,0.6,3.4,3.3,17.0,2019
Ben Simmons,PG,22,PHI,12,12,35.1,6.0,9.7,.621,0.0,0.0,,6.0,9.7,.621,.621,1.9,3.3,.575,2.0,5.1,7.1,6.0,1.3,1.0,2.7,3.8,13.9,2019
Klay Thompson,SG,28,GSW,21,21,39.0,7.8,17.1,.456,3.3,7.5,.443,4.5,9.6,.465,.553,1.8,2.0,.902,0.6,3.5,4.1,2.1,1.3,0.7,1.8,2.8,20.7,2019
Russell Westbrook,PG,30,OKC,5,5,39.4,8.0,22.2,.360,2.2,6.8,.324,5.8,15.4,.377,.410,4.6,5.2,.885,1.4,7.4,8.8,10.6,1.0,0.6,4.6,3.8,22.8,2019
Giannis Antetokounmpo,PF,25,MIL,9,9,30.8,10.0,17.9,.559,1.4,4.4,.325,8.6,13.4,.636,.599,5.2,9.0,.580,3.0,10.8,13.8,5.7,0.7,0.9,3.3,3.4,26.7,2020
Jimmy Butler,SF,30,MIA,21,21,38.4,6.9,14.0,.488,0.7,2.0,.349,6.1,12.0,.512,.514,7.8,9.1,.859,2.2,4.3,6.5,6.0,2.0,0.7,2.8,1.8,22.2,2020
Anthony Davis,PF,26,LAL,21,21,36.6,9.8,17.1,.571,1.1,2.9,.383,8.7,14.2,.609,.603,7.1,8.5,.832,2.6,7.1,9.7,3.5,1.2,1.4,2.5,2.7,27.7,2020
Goran Dragic,PG,33,MIA,17,16,32.5,7.0,15.8,.444,2.2,6.3,.346,4.8,9.5,.509,.513,2.9,3.6,.803,0.8,3.3,4.1,4.4,1.0,0.1,2.3,2.9,19.1,2020
Joel Embiid,C,25,PHI,4,4,36.3,8.5,18.5,.459,1.0,4.0,.250,7.5,14.5,.517,.486,12.0,14.8,.814,2.8,9.5,12.3,1.3,1.5,1.3,3.8,4.5,30.0,2020
Marc Gasol,C,35,TOR,11,11,20.7,2.3,5.8,.391,0.5,2.5,.185,1.8,3.4,.541,.430,1.0,1.4,.733,0.4,4.0,4.4,2.6,0.5,0.6,1.5,2.9,6.0,2020
Paul George,SF,29,LAC,13,13,36.8,6.8,17.0,.398,2.8,8.5,.333,3.9,8.5,.464,.482,3.8,4.2,.909,1.1,5.0,6.1,3.8,1.5,0.5,3.1,3.8,20.2,2020
James Harden,SG,30,HOU,12,12,37.3,9.1,19.0,.478,3.3,9.8,.333,5.8,9.3,.631,.564,8.2,9.7,.845,1.0,4.6,5.6,7.7,1.5,0.8,3.8,3.6,29.6,2020
Al Horford,C,33,PHI,4,3,32.3,3.0,6.3,.480,0.0,1.0,.000,3.0,5.3,.571,.480,1.0,1.8,.571,2.3,5.0,7.3,2.3,0.3,1.3,0.8,3.5,7.0,2020
Dwight Howard,C,34,LAL,18,7,15.7,2.2,3.2,.684,0.1,0.1,.500,2.1,3.1,.691,.693,1.4,2.5,.556,1.8,2.8,4.6,0.5,0.4,0.4,0.9,3.1,5.8,2020
Andre Iguodala,SF,36,MIA,21,0,19.5,1.4,3.1,.462,0.7,1.9,.359,0.8,1.2,.615,.569,0.2,0.3,.714,0.5,2.0,2.6,1.5,0.8,0.6,0.7,2.1,3.8,2020
LeBron James,PG,35,LAL,21,21,36.3,10.2,18.2,.560,2.1,5.7,.370,8.1,12.5,.646,.618,5.1,7.1,.720,1.3,9.4,10.8,8.8,1.2,0.9,4.0,1.9,27.6,2020
Nikola Jokic,C,24,DEN,19,19,36.5,9.4,18.1,.519,2.2,5.2,.429,7.2,12.9,.555,.580,3.5,4.2,.835,1.9,7.9,9.8,5.7,1.1,0.8,3.3,3.6,24.4,2020
Kyle Korver,SF,38,MIL,10,0,11.9,2.0,4.7,.426,1.5,3.7,.405,0.5,1.0,.500,.585,0.7,0.7,1.000,0.1,0.7,0.8,0.1,0.3,0.1,0.5,0.9,6.2,2020
Kawhi Leonard,SF,28,LAC,13,13,39.3,10.1,20.6,.489,1.8,5.6,.329,8.2,15.0,.549,.534,6.2,7.2,.862,1.8,7.5,9.3,5.5,2.3,0.8,2.5,2.2,28.2,2020
Damian Lillard,PG,29,POR,4,4,35.8,6.5,16.0,.406,3.3,8.3,.394,3.3,7.8,.419,.508,8.0,8.3,.970,0.3,3.3,3.5,4.3,0.5,0.3,3.5,1.0,24.3,2020
Kyle Lowry,PG,33,TOR,11,11,37.5,5.6,13.5,.419,2.1,6.5,.319,3.5,6.9,.513,.497,4.4,5.5,.800,0.7,5.8,6.5,5.8,1.7,0.7,2.5,3.6,17.7,2020
Khris Middleton,SF,28,MIL,10,10,35.5,7.1,18.0,.394,2.3,6.5,.354,4.8,11.5,.417,.458,3.8,4.6,.826,0.5,6.4,6.9,6.0,1.1,0.2,3.4,4.1,20.3,2020
Paul Millsap,PF,34,DEN,19,19,24.2,2.5,6.2,.398,0.8,2.3,.341,1.7,3.9,.432,.462,2.3,2.8,.796,1.4,3.3,4.7,1.2,0.6,0.5,1.3,2.6,8.0,2020
Victor Oladipo,SG,27,IND,4,4,30.8,5.5,14.0,.393,3.0,8.3,.364,2.5,5.8,.435,.500,3.8,4.0,.938,0.0,3.3,3.3,2.5,2.3,0.0,3.5,3.5,17.8,2020
Chris Paul,PG,34,OKC,7,7,37.3,7.9,16.0,.491,2.3,6.1,.372,5.6,9.9,.565,.563,3.3,3.7,.885,0.4,7.0,7.4,5.3,1.6,0.4,3.3,2.6,21.3,2020
Rajon Rondo,PG,33,LAL,16,0,24.7,3.4,7.6,.455,1.3,3.1,.400,2.2,4.4,.493,.537,0.8,1.2,.684,0.8,3.5,4.3,6.6,1.4,0.1,2.1,2.3,8.9,2020
Kemba Walker,PG,29,BOS,17,17,36.9,6.6,15.1,.441,2.3,7.4,.310,4.4,7.6,.569,.518,4.1,4.8,.852,0.4,3.7,4.1,5.1,0.9,0.4,1.9,2.5,19.6,2020
Russell Westbrook,PG,31,HOU,8,8,32.8,7.4,17.5,.421,1.0,4.1,.242,6.4,13.4,.477,.450,2.1,4.0,.531,1.4,5.6,7.0,4.6,1.5,0.3,3.8,2.9,17.9,2020
Giannis Antetokounmpo,PF,26,MIL,21,21,38.1,11.9,20.9,.569,0.6,3.3,.186,11.3,17.6,.642,.584,5.8,9.8,.587,2.8,10.0,12.8,5.1,1.0,1.2,3.0,2.9,30.2,2021
Bradley Beal,SG,27,WAS,5,5,39.0,11.2,24.6,.455,1.4,6.4,.219,9.8,18.2,.538,.484,6.2,7.2,.861,1.2,5.0,6.2,4.2,0.8,0.6,4.0,1.2,30.0,2021
Jimmy Butler,SF,31,MIA,4,4,38.5,4.8,16.0,.297,1.0,3.8,.267,3.8,12.3,.306,.328,4.0,5.5,.727,1.5,6.0,7.5,7.0,1.3,0.3,2.3,1.5,14.5,2021
Anthony Davis,PF,27,LAL,5,5,28.8,5.0,12.4,.403,0.4,2.2,.182,4.6,10.2,.451,.419,7.0,8.4,.833,1.4,5.2,6.6,2.6,0.6,1.6,1.2,1.8,17.4,2021
Goran Dragic,PG,34,MIA,4,2,29.3,5.8,13.5,.426,2.3,6.5,.346,3.5,7.0,.500,.509,2.3,3.0,.750,0.3,1.5,1.8,2.8,1.0,0.5,1.5,2.8,16.0,2021
Kevin Durant,PF,32,BRK,12,12,40.4,12.1,23.5,.514,2.8,6.8,.402,9.3,16.7,.560,.573,7.3,8.4,.871,0.4,8.8,9.3,4.4,1.5,1.6,3.5,2.6,34.3,2021
Joel Embiid,C,26,PHI,11,11,32.5,9.2,17.9,.513,1.5,3.7,.390,7.7,14.2,.545,.553,8.3,9.9,.835,1.5,9.1,10.5,3.4,1.0,1.5,3.8,3.0,28.1,2021
Marc Gasol,C,36,LAL,5,1,17.4,1.6,2.6,.615,1.4,2.2,.636,0.2,0.4,.500,.885,0.6,0.8,.750,0.8,3.0,3.8,3.0,0.8,0.8,0.8,3.2,5.2,2021
Paul George,SF,30,LAC,19,19,40.8,8.7,19.7,.441,2.7,8.0,.336,6.0,11.7,.514,.509,6.8,8.1,.844,0.9,8.7,9.6,5.4,1.0,0.5,3.5,3.1,26.9,2021
Blake Griffin,PF,31,BRK,12,12,26.5,3.5,6.6,.532,1.2,3.0,.389,2.3,3.6,.651,.620,0.8,1.2,.714,1.3,4.7,5.9,1.8,0.8,0.5,0.4,3.3,9.0,2021
James Harden,PG,31,BRK,9,9,35.8,5.7,12.0,.472,2.7,7.3,.364,3.0,4.7,.643,.583,6.2,6.9,.903,0.8,5.6,6.3,8.6,1.7,0.7,2.9,2.6,20.2,2021
Jrue Holiday,PG,30,MIL,23,23,39.7,6.9,16.9,.406,1.9,6.2,.303,5.0,10.7,.466,.461,1.7,2.4,.714,1.4,4.3,5.7,8.7,1.7,0.4,2.4,2.1,17.3,2021
Dwight Howard,C,35,PHI,12,0,12.4,1.3,2.5,.533,0.0,0.1,.000,1.3,2.4,.552,.533,2.0,3.3,.600,2.2,4.1,6.3,0.7,0.2,0.5,1.0,2.6,4.7,2021
Andre Iguodala,SF,37,MIA,4,0,17.8,1.5,2.8,.545,0.8,1.8,.429,0.8,1.0,.750,.682,0.0,0.0,,0.8,2.3,3.0,1.3,1.0,0.5,1.3,2.0,3.8,2021
Kyrie Irving,PG,28,BRK,9,9,36.1,8.6,18.1,.472,2.7,7.2,.369,5.9,10.9,.541,.546,2.9,3.1,.929,1.3,4.4,5.8,3.4,1.0,0.6,1.2,2.1,22.7,2021
LeBron James,PG,36,LAL,6,6,37.3,9.0,19.0,.474,3.0,8.0,.375,6.0,11.0,.545,.553,2.3,3.8,.609,1.2,6.0,7.2,8.0,1.5,0.3,4.2,1.2,23.3,2021
Nikola Jokic,C,25,DEN,10,10,34.5,11.6,22.8,.509,2.0,5.3,.377,9.6,17.5,.549,.553,4.6,5.5,.836,3.7,7.9,11.6,5.0,0.6,0.9,2.4,2.3,29.8,2021
Kawhi Leonard,SF,29,LAC,11,11,39.3,11.1,19.4,.573,2.2,5.5,.393,8.9,13.8,.645,.629,6.0,6.8,.880,2.0,5.7,7.7,4.4,2.1,0.8,2.2,2.6,30.4,2021
Damian Lillard,PG,30,POR,6,6,41.3,10.3,22.3,.463,5.8,13.0,.449,4.5,9.3,.482,.593,7.8,8.3,.940,0.2,4.2,4.3,10.2,1.0,0.7,2.2,1.5,34.3,2021
Khris Middleton,SF,29,MIL,23,23,40.1,8.6,19.7,.438,2.6,7.6,.343,6.0,12.0,.498,.504,3.7,4.2,.887,1.1,6.5,7.6,5.1,1.5,0.2,3.2,2.5,23.6,2021
Paul Millsap,PF,35,DEN,9,0,12.1,2.4,5.6,.440,0.7,2.6,.261,1.8,3.0,.593,.500,0.9,1.4,.615,1.0,2.9,3.9,1.7,0.3,0.7,0.9,1.6,6.4,2021
Chris Paul,PG,35,PHO,20,20,34.2,7.5,15.0,.497,1.5,3.3,.446,6.0,11.8,.511,.545,2.9,3.3,.877,0.5,3.1,3.5,8.6,1.2,0.2,2.2,2.4,19.2,2021
Rajon Rondo,PG,34,LAC,13,0,16.9,1.4,4.1,.340,0.8,2.2,.393,0.5,1.9,.280,.443,0.6,0.9,.667,0.3,2.3,2.6,3.8,0.4,0.2,1.1,1.4,4.2,2021
Ben Simmons,PG,24,PHI,12,12,33.5,4.9,7.9,.621,0.0,0.1,.000,4.9,7.8,.628,.621,2.1,6.1,.342,2.1,5.8,7.9,8.8,1.3,0.8,2.3,3.3,11.9,2021
Jeff Teague,PG,32,MIL,16,0,7.4,0.6,1.9,.290,0.3,0.7,.455,0.3,1.3,.200,.371,0.6,0.7,.818,0.1,0.4,0.5,0.8,0.2,0.0,0.4,0.6,2.0,2021
Kemba Walker,PG,30,BOS,3,3,30.3,4.3,13.7,.317,1.0,5.7,.176,3.3,8.0,.417,.354,3.0,3.3,.900,0.0,4.0,4.0,4.0,0.3,0.0,2.7,3.3,12.7,2021
Russell Westbrook,PG,32,WAS,5,5,37.2,5.6,16.8,.333,1.0,4.0,.250,4.6,12.8,.359,.363,6.8,8.6,.791,2.8,7.6,10.4,11.8,0.4,0.2,4.2,3.4,19.0,2021
Giannis Antetokounmpo,PF,27,MIL,12,12,37.3,11.7,23.8,.491,0.8,3.4,.220,10.9,20.3,.537,.507,7.6,11.2,.679,2.2,12.0,14.2,6.8,0.7,1.3,4.5,3.6,31.7,2022
Jimmy Butler,SF,32,MIA,17,17,37.0,9.8,19.3,.506,1.4,4.0,.338,8.4,15.3,.550,.541,6.5,7.8,.841,2.4,4.9,7.4,4.6,2.1,0.6,1.5,1.5,27.4,2022
Stephen Curry,PG,33,GSW,22,18,34.7,9.2,20.0,.459,4.1,10.4,.397,5.0,9.6,.526,.563,4.9,5.9,.829,0.5,4.7,5.2,5.9,1.3,0.4,2.6,2.7,27.4,2022
DeMar DeRozan,PF,32,CHI,5,5,40.6,7.8,19.0,.411,0.0,1.8,.000,7.8,17.2,.453,.411,5.2,6.0,.867,0.2,5.2,5.4,4.8,1.8,0.4,2.2,2.4,20.8,2022
Goran Dragic,PG,35,BRK,4,0,19.8,4.5,8.0,.563,1.0,3.0,.333,3.5,5.0,.700,.625,0.5,0.5,1.000,1.5,3.0,4.5,1.5,0.8,0.0,1.3,2.8,10.5,2022
Kevin Durant,PF,33,BRK,4,4,44.0,8.0,20.8,.386,1.8,5.3,.333,6.3,15.5,.403,.428,8.5,9.5,.895,0.5,5.3,5.8,6.3,1.0,0.3,5.3,3.8,26.3,2022
Joel Embiid,C,27,PHI,10,10,38.5,7.8,16.1,.484,0.7,3.3,.212,7.1,12.8,.555,.506,7.3,8.9,.820,2.1,8.6,10.7,2.1,0.4,0.8,3.2,3.4,23.6,2022
Draymond Green,PF,31,GSW,22,22,32.0,3.1,6.5,.479,0.4,1.8,.205,2.8,4.8,.581,.507,1.4,2.1,.638,1.2,6.0,7.2,6.3,1.1,1.0,2.7,4.0,8.0,2022
Blake Griffin,C,32,BRK,2,0,12.5,1.0,3.5,.286,1.0,2.5,.400,0.0,1.0,.000,.429,1.0,1.0,1.000,1.0,1.0,2.0,2.0,0.5,0.5,0.5,1.5,4.0,2022
James Harden,PG,32,PHI,12,12,39.9,5.3,13.2,.405,2.3,6.3,.368,3.0,6.8,.439,.494,5.6,6.3,.893,0.9,4.8,5.7,8.6,0.8,0.7,4.2,2.4,18.6,2022
Jrue Holiday,PG,31,MIL,12,12,38.6,7.4,19.6,.379,2.1,6.6,.316,5.3,13.0,.410,.432,2.2,2.6,.839,1.0,4.6,5.6,6.5,1.8,0.6,2.8,2.3,19.1,2022
Al Horford,C,35,BOS,23,23,35.4,4.4,8.4,.523,2.0,4.3,.480,2.3,4.1,.568,.645,1.2,1.6,.778,1.5,7.8,9.3,3.3,0.8,1.3,1.3,2.8,12.0,2022
Andre Iguodala,SF,38,GSW,7,0,8.7,0.6,1.3,.444,0.1,0.4,.333,0.4,0.9,.500,.500,0.3,0.4,.667,0.4,0.6,1.0,1.7,0.0,0.3,0.6,1.6,1.6,2022
Kyrie Irving,PG,29,BRK,4,4,42.5,7.0,15.8,.444,2.0,5.3,.381,5.0,10.5,.476,.508,5.3,5.3,1.000,1.5,3.8,5.3,5.3,1.8,1.3,2.3,3.3,21.3,2022
Nikola Jokic,C,26,DEN,5,5,34.2,12.2,21.2,.575,1.0,3.6,.278,11.2,17.6,.636,.599,5.6,6.6,.848,3.4,9.8,13.2,5.8,1.6,1.0,4.8,4.0,31.0,2022
DeAndre Jordan,C,33,PHI,3,2,10.3,1.7,1.7,1.000,0.0,0.0,,1.7,1.7,1.000,1.000,0.0,0.0,,0.3,2.0,2.3,0.3,0.0,0.7,0.7,1.3,3.3,2022
Kyle Lowry,PG,35,MIA,10,10,29.5,2.5,8.6,.291,1.3,5.4,.241,1.2,3.2,.375,.366,1.5,1.9,.789,0.3,3.3,3.6,4.7,1.2,0.7,1.9,2.9,7.8,2022
Khris Middleton,SF,30,MIL,2,2,36.0,5.0,12.0,.417,3.0,7.0,.429,2.0,5.0,.400,.542,1.5,1.5,1.000,0.5,4.5,5.0,7.0,1.5,0.0,5.5,3.0,14.5,2022
Paul Millsap,C,36,PHI,1,0,6.0,0.0,0.0,,0.0,0.0,,0.0,0.0,,,0.0,0.0,,0.0,1.0,1.0,1.0,0.0,0.0,0.0,1.0,0.0,2022
Victor Oladipo,SG,29,MIA,15,1,24.5,3.3,9.1,.368,1.1,4.1,.274,2.2,4.9,.446,.430,2.8,3.5,.792,0.3,3.1,3.4,2.1,1.3,0.3,1.7,1.9,10.6,2022
Chris Paul,PG,36,PHO,13,13,34.5,6.7,11.9,.561,1.5,3.8,.388,5.2,8.2,.642,.623,2.7,2.8,.946,0.5,3.6,4.2,8.3,1.5,0.2,2.4,3.1,17.5,2022
Klay Thompson,SG,31,GSW,22,22,36.0,7.2,16.7,.429,3.5,9.1,.385,3.7,7.6,.482,.534,1.2,1.4,.867,0.3,3.6,3.9,2.3,1.1,0.7,1.3,2.1,19.0,2022
Giannis Antetokounmpo,PF,28,MIL,3,3,30.3,9.3,17.7,.528,0.0,1.0,.000,9.3,16.7,.560,.528,4.7,10.3,.452,2.7,8.3,11.0,5.3,0.3,0.7,4.7,3.0,23.3,2023
Jimmy Butler,PF,33,MIA,22,22,39.7,9.4,20.1,.468,1.3,3.5,.359,8.1,16.5,.492,.500,6.8,8.5,.806,2.1,4.3,6.5,5.9,1.8,0.6,1.9,1.7,26.9,2023
Stephen Curry,PG,34,GSW,13,13,37.9,11.2,23.9,.466,4.4,12.1,.363,6.8,11.8,.571,.558,3.8,4.5,.845,0.7,4.5,5.2,6.1,1.0,0.5,3.2,2.6,30.5,2023
Anthony Davis,C,29,LAL,16,16,38.0,8.3,15.9,.520,0.3,0.9,.333,7.9,14.9,.531,.530,5.8,6.8,.852,2.4,11.7,14.1,2.6,1.4,3.1,2.1,2.9,22.6,2023
Goran Dragic,PG,36,MIL,2,0,3.5,0.0,1.0,.000,0.0,0.5,.000,0.0,0.5,.000,.000,2.0,2.0,1.000,0.0,0.0,0.0,0.5,0.0,0.0,0.0,0.0,2.0,2023
Kevin Durant,PF,34,PHO,11,11,42.4,9.7,20.4,.478,1.5,4.6,.333,8.2,15.7,.520,.516,8.0,8.7,.917,0.6,8.1,8.7,5.5,0.8,1.4,3.5,2.6,29.0,2023
Joel Embiid,C,28,PHI,9,9,37.3,7.3,17.0,.431,0.6,3.1,.179,6.8,13.9,.488,.448,8.4,9.3,.905,1.8,8.0,9.8,2.7,0.7,2.8,3.9,3.0,23.7,2023
Draymond Green,PF,32,GSW,12,9,30.6,3.5,7.6,.462,0.4,1.7,.250,3.1,5.9,.521,.489,2.0,2.8,.727,1.6,5.3,6.9,6.8,1.5,1.0,2.3,4.0,9.4,2023
Blake Griffin,C,33,BOS,1,0,6.0,0.0,1.0,.000,0.0,0.0,,0.0,1.0,.000,.000,0.0,0.0,,1.0,1.0,2.0,0.0,0.0,0.0,0.0,2.0,0.0,2023
James Harden,PG,33,PHI,11,11,38.8,6.5,16.6,.393,2.8,7.5,.378,3.7,9.2,.406,.478,4.4,5.0,.873,0.5,5.6,6.2,8.3,1.8,0.4,3.2,2.5,20.3,2023
Jrue Holiday,PG,32,MIL,5,5,38.2,6.8,17.0,.400,2.4,8.4,.286,4.4,8.6,.512,.471,1.8,2.6,.692,0.8,5.8,6.6,8.0,1.0,0.4,2.4,2.4,17.8,2023
Al Horford,C,36,BOS,20,20,30.9,2.6,6.6,.386,1.4,4.7,.298,1.2,1.9,.605,.492,0.2,0.2,.750,1.5,5.7,7.2,3.0,1.1,1.7,0.6,2.4,6.7,2023
LeBron James,PF,38,LAL,16,16,38.7,9.2,18.4,.498,1.8,6.6,.264,7.4,11.8,.630,.546,4.4,5.8,.761,1.6,8.3,9.9,6.5,1.1,1.1,2.5,1.8,24.5,2023
Nikola Jokic,C,27,DEN,20,20,39.5,11.4,20.7,.548,1.8,3.8,.461,9.6,16.9,.568,.591,5.6,7.0,.799,3.5,10.0,13.5,9.5,1.1,1.0,3.5,3.5,30.0,2023
DeAndre Jordan,C,34,DEN,4,0,3.5,0.5,0.8,.667,0.0,0.0,,0.5,0.8,.667,.667,0.3,0.5,.500,0.0,1.0,1.0,0.3,0.0,0.3,0.5,0.5,1.3,2023
Kawhi Leonard,SF,31,LAC,2,2,40.0,12.0,22.0,.545,3.0,5.0,.600,9.0,17.0,.529,.614,7.5,8.5,.882,1.5,5.0,6.5,6.0,2.0,0.5,3.0,2.5,34.5,2023
Kevin Love,PF,34,MIA,20,18,18.0,2.3,6.0,.378,1.7,4.4,.375,0.6,1.6,.387,.517,0.7,0.8,.875,0.7,4.9,5.6,1.2,0.5,0.4,0.5,1.8,6.9,2023
Kyle Lowry,PG,36,MIA,23,1,26.0,3.2,7.6,.425,1.4,3.8,.375,1.8,3.7,.477,.520,1.3,1.4,.939,0.5,3.0,3.5,4.4,1.0,0.6,1.7,2.6,9.2,2023
Khris Middleton,SF,31,MIL,5,5,34.6,8.0,17.2,.465,2.6,6.4,.406,5.4,10.8,.500,.541,5.2,6.0,.867,1.4,5.0,6.4,6.2,0.6,0.0,3.4,3.0,23.8,2023
Victor Oladipo,SG,30,MIA,2,0,22.5,5.0,9.5,.526,1.0,2.5,.400,4.0,7.0,.571,.579,0.5,1.5,.333,0.5,3.0,3.5,1.0,1.0,0.5,1.0,2.5,11.5,2023
Chris Paul,PG,37,PHO,7,7,35.7,5.4,13.0,.418,1.3,4.0,.321,4.1,9.0,.460,.467,0.3,0.6,.500,0.7,4.3,5.0,7.4,1.7,0.7,1.0,2.3,12.4,2023
Klay Thompson,SF,32,GSW,13,13,36.0,6.5,16.8,.388,3.8,10.5,.368,2.7,6.4,.422,.502,1.6,1.8,.875,0.1,4.1,4.2,2.2,0.5,0.3,2.0,2.2,18.5,2023
Russell Westbrook,PG,34,LAC,5,5,38.4,8.6,21.0,.410,2.0,5.6,.357,6.6,15.4,.429,.457,4.4,5.0,.880,1.8,5.8,7.6,7.4,1.2,1.4,4.0,3.0,23.6,2023
